date,storage,inflow,outflow,elevation,evaporation
2012-10-01,4.024,NA,NA,NA,NA
2012-10-02,4.024,NA,NA,NA,NA
2012-10-03,4.024,NA,NA,NA,NA
2012-10-04,4.024,NA,NA,NA,NA
2012-10-05,4.024,NA,NA,NA,NA
2012-10-06,4.024,NA,NA,NA,NA
2012-10-07,4.024,NA,NA,NA,NA
2012-10-08,4.024,NA,NA,NA,NA
2012-10-09,4.024,NA,NA,NA,NA
2012-10-10,4.024,NA,NA,NA,NA
2012-10-11,4.024,NA,NA,NA,NA
2012-10-12,4.024,NA,NA,NA,NA
2012-10-13,4.024,NA,NA,NA,NA
2012-10-14,4.024,NA,NA,NA,NA
2012-10-15,4.024,NA,NA,NA,NA
2012-10-16,4.024,NA,NA,NA,NA
2012-10-17,4.024,NA,NA,NA,NA
2012-10-18,4.024,NA,NA,NA,NA
2012-10-19,4.024,NA,NA,NA,NA
2012-10-20,4.024,NA,NA,NA,NA
2012-10-21,4.024,NA,NA,NA,NA
2012-10-22,4.024,NA,NA,NA,NA
2012-10-23,4.024,NA,NA,NA,NA
2012-10-24,4.024,NA,NA,NA,NA
2012-10-25,4.024,NA,NA,NA,NA
2012-10-26,4.028,NA,NA,NA,NA
2012-10-27,4.032,NA,NA,NA,NA
2012-10-28,4.037,NA,NA,NA,NA
2012-10-29,4.041,NA,NA,NA,NA
2012-10-30,4.041,NA,NA,NA,NA
2012-10-31,4.041,NA,NA,NA,NA
2012-11-01,4.041,NA,NA,NA,NA
2012-11-02,4.045,NA,NA,NA,NA
2012-11-03,4.048,NA,NA,NA,NA
2012-11-04,4.052,NA,NA,NA,NA
2012-11-05,4.056,NA,NA,NA,NA
2012-11-06,4.059,NA,NA,NA,NA
2012-11-07,4.062,NA,NA,NA,NA
2012-11-08,4.065,NA,NA,NA,NA
2012-11-09,4.068,NA,NA,NA,NA
2012-11-10,4.071,NA,NA,NA,NA
2012-11-11,4.074,NA,NA,NA,NA
2012-11-12,4.077,NA,NA,NA,NA
2012-11-13,4.081,NA,NA,NA,NA
2012-11-14,4.086,NA,NA,NA,NA
2012-11-15,4.091,NA,NA,NA,NA
2012-11-16,4.095,NA,NA,NA,NA
2012-11-17,4.099,NA,NA,NA,NA
2012-11-18,4.104,NA,NA,NA,NA
2012-11-19,4.108,NA,NA,NA,NA
2012-11-20,4.112,NA,NA,NA,NA
2012-11-21,4.116,NA,NA,NA,NA
2012-11-22,4.119,NA,NA,NA,NA
2012-11-23,4.122,NA,NA,NA,NA
2012-11-24,4.125,NA,NA,NA,NA
2012-11-25,4.128,NA,NA,NA,NA
2012-11-26,4.131,NA,NA,NA,NA
2012-11-27,4.135,NA,NA,NA,NA
2012-11-28,4.14,NA,NA,NA,NA
2012-11-29,4.144,NA,NA,NA,NA
2012-11-30,4.148,NA,NA,NA,NA
2012-12-01,4.148,NA,NA,NA,NA
2012-12-02,4.154,NA,NA,NA,NA
2012-12-03,4.161,NA,NA,NA,NA
2012-12-04,4.167,NA,NA,NA,NA
2012-12-05,4.173,NA,NA,NA,NA
2012-12-06,4.179,NA,NA,NA,NA
2012-12-07,4.185,NA,NA,NA,NA
2012-12-08,4.191,NA,NA,NA,NA
2012-12-09,4.198,NA,NA,NA,NA
2012-12-10,4.204,NA,NA,NA,NA
2012-12-11,4.208,NA,NA,NA,NA
2012-12-12,4.213,NA,NA,NA,NA
2012-12-13,4.218,NA,NA,NA,NA
2012-12-14,4.222,NA,NA,NA,NA
2012-12-15,4.222,NA,NA,NA,NA
2012-12-16,4.222,NA,NA,NA,NA
2012-12-17,4.222,NA,NA,NA,NA
2012-12-18,4.226,NA,NA,NA,NA
2012-12-19,4.23,NA,NA,NA,NA
2012-12-20,4.234,NA,NA,NA,NA
2012-12-21,4.238,NA,NA,NA,NA
2012-12-22,4.242,NA,NA,NA,NA
2012-12-23,4.246,NA,NA,NA,NA
2012-12-24,4.25,NA,NA,NA,NA
2012-12-25,4.254,NA,NA,NA,NA
2012-12-26,4.258,NA,NA,NA,NA
2012-12-27,4.262,NA,NA,NA,NA
2012-12-28,4.266,NA,NA,NA,NA
2012-12-29,4.27,NA,NA,NA,NA
2012-12-30,4.274,NA,NA,NA,NA
2012-12-31,4.278,NA,NA,NA,NA
2013-01-01,4.278,NA,NA,NA,NA
2013-01-02,4.296,NA,NA,NA,NA
2013-01-03,4.316,NA,NA,NA,NA
2013-01-04,4.334,NA,NA,NA,NA
2013-01-05,4.344,NA,NA,NA,NA
2013-01-06,4.353,NA,NA,NA,NA
2013-01-07,4.363,NA,NA,NA,NA
2013-01-08,4.373,NA,NA,NA,NA
2013-01-09,4.382,NA,NA,NA,NA
2013-01-10,4.391,NA,NA,NA,NA
2013-01-11,4.396,NA,NA,NA,NA
2013-01-12,4.401,NA,NA,NA,NA
2013-01-13,4.406,NA,NA,NA,NA
2013-01-14,4.411,NA,NA,NA,NA
2013-01-15,4.416,NA,NA,NA,NA
2013-01-16,4.421,NA,NA,NA,NA
2013-01-17,4.426,NA,NA,NA,NA
2013-01-18,4.431,NA,NA,NA,NA
2013-01-19,4.436,NA,NA,NA,NA
2013-01-20,4.442,NA,NA,NA,NA
2013-01-21,4.448,NA,NA,NA,NA
2013-01-22,4.453,NA,NA,NA,NA
2013-01-23,4.458,NA,NA,NA,NA
2013-01-24,4.464,NA,NA,NA,NA
2013-01-25,4.469,NA,NA,NA,NA
2013-01-26,4.475,NA,NA,NA,NA
2013-01-27,4.482,NA,NA,NA,NA
2013-01-28,4.489,NA,NA,NA,NA
2013-01-29,4.495,NA,NA,NA,NA
2013-01-30,4.502,NA,NA,NA,NA
2013-01-31,4.508,NA,NA,NA,NA
2013-02-01,4.508,NA,NA,NA,NA
2013-02-02,4.512,NA,NA,NA,NA
2013-02-03,4.516,NA,NA,NA,NA
2013-02-04,4.52,NA,NA,NA,NA
2013-02-05,4.524,NA,NA,NA,NA
2013-02-06,4.528,NA,NA,NA,NA
2013-02-07,4.532,NA,NA,NA,NA
2013-02-08,4.537,NA,NA,NA,NA
2013-02-09,4.541,NA,NA,NA,NA
2013-02-10,4.546,NA,NA,NA,NA
2013-02-11,4.55,NA,NA,NA,NA
2013-02-12,4.554,NA,NA,NA,NA
2013-02-13,4.559,NA,NA,NA,NA
2013-02-14,4.563,NA,NA,NA,NA
2013-02-15,4.568,NA,NA,NA,NA
2013-02-16,4.575,NA,NA,NA,NA
2013-02-17,4.582,NA,NA,NA,NA
2013-02-18,4.589,NA,NA,NA,NA
2013-02-19,4.595,NA,NA,NA,NA
2013-02-20,4.602,NA,NA,NA,NA
2013-02-21,4.608,NA,NA,NA,NA
2013-02-22,4.615,NA,NA,NA,NA
2013-02-23,4.621,NA,NA,NA,NA
2013-02-24,4.628,NA,NA,NA,NA
2013-02-25,4.634,NA,NA,NA,NA
2013-02-26,4.64,NA,NA,NA,NA
2013-02-27,4.647,NA,NA,NA,NA
2013-02-28,4.647,NA,NA,NA,NA
2013-03-01,4.647,NA,NA,NA,NA
2013-03-02,4.657,NA,NA,NA,NA
2013-03-03,4.667,NA,NA,NA,NA
2013-03-04,4.679,NA,NA,NA,NA
2013-03-05,4.689,NA,NA,NA,NA
2013-03-06,4.7,NA,NA,NA,NA
2013-03-07,4.706,NA,NA,NA,NA
2013-03-08,4.712,NA,NA,NA,NA
2013-03-09,4.718,NA,NA,NA,NA
2013-03-10,4.724,NA,NA,NA,NA
2013-03-11,4.73,NA,NA,NA,NA
2013-03-12,4.737,NA,NA,NA,NA
2013-03-13,4.743,NA,NA,NA,NA
2013-03-14,4.749,NA,NA,NA,NA
2013-03-15,4.755,NA,NA,NA,NA
2013-03-16,4.765,NA,NA,NA,NA
2013-03-17,4.775,NA,NA,NA,NA
2013-03-18,4.786,NA,NA,NA,NA
2013-03-19,4.797,NA,NA,NA,NA
2013-03-20,4.808,NA,NA,NA,NA
2013-03-21,4.819,NA,NA,NA,NA
2013-03-22,4.829,NA,NA,NA,NA
2013-03-23,4.84,NA,NA,NA,NA
2013-03-24,4.851,NA,NA,NA,NA
2013-03-25,4.862,NA,NA,NA,NA
2013-03-26,4.873,NA,NA,NA,NA
2013-03-27,4.885,NA,NA,NA,NA
2013-03-28,4.894,NA,NA,NA,NA
2013-03-29,4.903,NA,NA,NA,NA
2013-03-30,4.912,NA,NA,NA,NA
2013-03-31,4.922,NA,NA,NA,NA
2013-04-01,4.922,NA,NA,NA,NA
2013-04-02,4.96,NA,NA,NA,NA
2013-04-03,4.998,NA,NA,NA,NA
2013-04-04,5.036,NA,NA,NA,NA
2013-04-05,5.066,NA,NA,NA,NA
2013-04-06,5.096,NA,NA,NA,NA
2013-04-07,5.126,NA,NA,NA,NA
2013-04-08,5.157,NA,NA,NA,NA
2013-04-09,5.187,NA,NA,NA,NA
2013-04-10,5.218,NA,NA,NA,NA
2013-04-11,5.249,NA,NA,NA,NA
2013-04-12,5.28,NA,NA,NA,NA
2013-04-13,5.311,NA,NA,NA,NA
2013-04-14,5.342,NA,NA,NA,NA
2013-04-15,5.374,NA,NA,NA,NA
2013-04-16,5.405,NA,NA,NA,NA
2013-04-17,5.437,NA,NA,NA,NA
2013-04-18,5.461,NA,NA,NA,NA
2013-04-19,5.485,NA,NA,NA,NA
2013-04-20,5.509,NA,NA,NA,NA
2013-04-21,5.533,NA,NA,NA,NA
2013-04-22,5.557,NA,NA,NA,NA
2013-04-23,5.582,NA,NA,NA,NA
2013-04-24,5.606,NA,NA,NA,NA
2013-04-25,5.635,NA,NA,NA,NA
2013-04-26,5.664,NA,NA,NA,NA
2013-04-27,5.693,NA,NA,NA,NA
2013-04-28,5.722,NA,NA,NA,NA
2013-04-29,5.752,NA,NA,NA,NA
2013-04-30,5.781,NA,NA,NA,NA
2013-05-01,5.781,NA,NA,NA,NA
2013-05-02,5.881,NA,NA,NA,NA
2013-05-03,5.982,NA,NA,NA,NA
2013-05-04,6.028,NA,NA,NA,NA
2013-05-05,6.075,NA,NA,NA,NA
2013-05-06,6.121,NA,NA,NA,NA
2013-05-07,6.169,NA,NA,NA,NA
2013-05-08,6.233,NA,NA,NA,NA
2013-05-09,6.296,NA,NA,NA,NA
2013-05-10,6.361,NA,NA,NA,NA
2013-05-11,6.56,NA,NA,NA,NA
2013-05-12,6.752,NA,NA,NA,NA
2013-05-13,6.942,NA,NA,NA,NA
2013-05-14,7.181,NA,NA,NA,NA
2013-05-15,7.636,NA,NA,NA,NA
2013-05-16,8.087,NA,NA,NA,NA
2013-05-17,8.504,NA,NA,NA,NA
2013-05-18,8.655,NA,NA,NA,NA
2013-05-19,8.809,NA,NA,NA,NA
2013-05-20,8.962,NA,NA,NA,NA
2013-05-21,9.077,NA,NA,NA,NA
2013-05-22,9.349,NA,NA,NA,NA
2013-05-23,9.627,NA,NA,NA,NA
2013-05-24,10.055,NA,NA,NA,NA
2013-05-25,10.139,NA,NA,NA,NA
2013-05-26,10.217,NA,NA,NA,NA
2013-05-27,10.296,NA,NA,NA,NA
2013-05-28,10.375,NA,NA,NA,NA
2013-05-29,10.327,NA,NA,NA,NA
2013-05-30,10.277,NA,NA,NA,NA
2013-05-31,10.277,NA,NA,NA,NA
2013-06-01,10.277,NA,NA,NA,NA
2013-06-02,10.35,NA,NA,NA,NA
2013-06-03,10.424,NA,NA,NA,NA
2013-06-04,10.424,NA,NA,NA,NA
2013-06-05,10.424,NA,NA,NA,NA
2013-06-06,10.424,NA,NA,NA,NA
2013-06-07,10.424,NA,NA,NA,NA
2013-06-08,10.424,NA,NA,NA,NA
2013-06-09,10.424,NA,NA,NA,NA
2013-06-10,10.424,NA,NA,NA,NA
2013-06-11,10.399,NA,NA,NA,NA
2013-06-12,10.375,NA,NA,NA,NA
2013-06-13,10.35,NA,NA,NA,NA
2013-06-14,10.327,NA,NA,NA,NA
2013-06-15,10.317,NA,NA,NA,NA
2013-06-16,10.307,NA,NA,NA,NA
2013-06-17,10.297,NA,NA,NA,NA
2013-06-18,10.287,NA,NA,NA,NA
2013-06-19,10.277,NA,NA,NA,NA
2013-06-20,10.241,NA,NA,NA,NA
2013-06-21,10.205,NA,NA,NA,NA
2013-06-22,10.197,NA,NA,NA,NA
2013-06-23,10.189,NA,NA,NA,NA
2013-06-24,10.181,NA,NA,NA,NA
2013-06-25,10.173,NA,NA,NA,NA
2013-06-26,10.165,NA,NA,NA,NA
2013-06-27,10.156,NA,NA,NA,NA
2013-06-28,10.156,NA,NA,NA,NA
2013-06-29,10.156,NA,NA,NA,NA
2013-06-30,10.156,NA,NA,NA,NA
2013-07-01,10.055,NA,NA,NA,NA
2013-07-02,10.029,NA,NA,NA,NA
2013-07-03,9.953,NA,NA,NA,NA
2013-07-04,9.876,NA,NA,NA,NA
2013-07-05,9.801,NA,NA,NA,NA
2013-07-06,9.727,NA,NA,NA,NA
2013-07-07,9.652,NA,NA,NA,NA
2013-07-08,9.578,NA,NA,NA,NA
2013-07-09,9.493,NA,NA,NA,NA
2013-07-10,9.409,NA,NA,NA,NA
2013-07-11,9.327,NA,NA,NA,NA
2013-07-12,9.246,NA,NA,NA,NA
2013-07-13,9.176,NA,NA,NA,NA
2013-07-14,9.087,NA,NA,NA,NA
2013-07-15,9.008,NA,NA,NA,NA
2013-07-16,8.924,NA,NA,NA,NA
2013-07-17,8.833,NA,NA,NA,NA
2013-07-18,8.744,NA,NA,NA,NA
2013-07-19,8.657,NA,NA,NA,NA
2013-07-20,8.57,NA,NA,NA,NA
2013-07-21,8.485,NA,NA,NA,NA
2013-07-22,8.399,NA,NA,NA,NA
2013-07-23,8.316,NA,NA,NA,NA
2013-07-24,8.178,NA,NA,NA,NA
2013-07-25,8.041,NA,NA,NA,NA
2013-07-26,7.908,NA,NA,NA,NA
2013-07-27,7.777,NA,NA,NA,NA
2013-07-28,7.636,NA,NA,NA,NA
2013-07-29,7.497,NA,NA,NA,NA
2013-07-30,7.36,NA,NA,NA,NA
2013-07-31,7.226,NA,NA,NA,NA
2013-08-01,7.094,NA,NA,NA,NA
2013-08-02,6.958,NA,NA,NA,NA
2013-08-03,6.825,NA,NA,NA,NA
2013-08-04,6.695,NA,NA,NA,NA
2013-08-05,6.56,NA,NA,NA,NA
2013-08-06,6.415,NA,NA,NA,NA
2013-08-07,6.275,NA,NA,NA,NA
2013-08-08,6.137,NA,NA,NA,NA
2013-08-09,6.002,NA,NA,NA,NA
2013-08-10,5.875,NA,NA,NA,NA
2013-08-11,5.748,NA,NA,NA,NA
2013-08-12,5.626,NA,NA,NA,NA
2013-08-13,5.488,NA,NA,NA,NA
2013-08-14,5.351,NA,NA,NA,NA
2013-08-15,5.217,NA,NA,NA,NA
2013-08-16,5.086,NA,NA,NA,NA
2013-08-17,4.96,NA,NA,NA,NA
2013-08-18,4.903,NA,NA,NA,NA
2013-08-19,4.846,NA,NA,NA,NA
2013-08-20,4.791,NA,NA,NA,NA
2013-08-21,4.743,NA,NA,NA,NA
2013-08-22,4.694,NA,NA,NA,NA
2013-08-23,4.647,NA,NA,NA,NA
2013-08-24,4.595,NA,NA,NA,NA
2013-08-25,4.541,NA,NA,NA,NA
2013-08-26,4.489,NA,NA,NA,NA
2013-08-27,4.45,NA,NA,NA,NA
2013-08-28,4.411,NA,NA,NA,NA
2013-08-29,4.373,NA,NA,NA,NA
2013-08-30,4.334,NA,NA,NA,NA
2013-08-31,4.296,NA,NA,NA,NA
2013-09-01,4.241,NA,NA,NA,NA
2013-09-02,4.204,NA,NA,NA,NA
2013-09-03,4.167,NA,NA,NA,NA
2013-09-04,4.131,NA,NA,NA,NA
2013-09-05,4.095,NA,NA,NA,NA
2013-09-06,4.059,NA,NA,NA,NA
2013-09-07,4.024,NA,NA,NA,NA
2013-09-08,3.988,NA,NA,NA,NA
2013-09-09,3.953,NA,NA,NA,NA
2013-09-10,3.953,NA,NA,NA,NA
2013-09-11,3.953,NA,NA,NA,NA
2013-09-12,3.953,NA,NA,NA,NA
2013-09-13,3.966,NA,NA,NA,NA
2013-09-14,3.979,NA,NA,NA,NA
2013-09-15,3.992,NA,NA,NA,NA
2013-09-16,4.006,NA,NA,NA,NA
2013-09-17,4.006,NA,NA,NA,NA
2013-09-18,4.006,NA,NA,NA,NA
2013-09-19,4.01,NA,NA,NA,NA
2013-09-20,4.013,NA,NA,NA,NA
2013-09-21,4.017,NA,NA,NA,NA
2013-09-22,4.02,NA,NA,NA,NA
2013-09-23,4.024,NA,NA,NA,NA
2013-09-24,4.029,NA,NA,NA,NA
2013-09-25,4.035,NA,NA,NA,NA
2013-09-26,4.041,NA,NA,NA,NA
2013-09-27,4.064,NA,NA,NA,NA
2013-09-28,4.086,NA,NA,NA,NA
2013-09-29,4.108,NA,NA,NA,NA
2013-09-30,4.131,NA,NA,NA,NA
2013-10-01,4.131,NA,NA,NA,NA
2013-10-02,4.161,NA,NA,NA,NA
2013-10-03,4.193,NA,NA,NA,NA
2013-10-04,4.225,NA,NA,NA,NA
2013-10-05,4.257,NA,NA,NA,NA
2013-10-06,4.288,NA,NA,NA,NA
2013-10-07,4.321,NA,NA,NA,NA
2013-10-08,4.353,NA,NA,NA,NA
2013-10-09,4.379,NA,NA,NA,NA
2013-10-10,4.404,NA,NA,NA,NA
2013-10-11,4.431,NA,NA,NA,NA
2013-10-12,4.457,NA,NA,NA,NA
2013-10-13,4.482,NA,NA,NA,NA
2013-10-14,4.508,NA,NA,NA,NA
2013-10-15,4.538,NA,NA,NA,NA
2013-10-16,4.568,NA,NA,NA,NA
2013-10-17,4.598,NA,NA,NA,NA
2013-10-18,4.628,NA,NA,NA,NA
2013-10-19,4.65,NA,NA,NA,NA
2013-10-20,4.671,NA,NA,NA,NA
2013-10-21,4.693,NA,NA,NA,NA
2013-10-22,4.714,NA,NA,NA,NA
2013-10-23,4.737,NA,NA,NA,NA
2013-10-24,4.751,NA,NA,NA,NA
2013-10-25,4.765,NA,NA,NA,NA
2013-10-26,4.78,NA,NA,NA,NA
2013-10-27,4.795,NA,NA,NA,NA
2013-10-28,4.809,NA,NA,NA,NA
2013-10-29,4.828,NA,NA,NA,NA
2013-10-30,4.846,NA,NA,NA,NA
2013-10-31,4.865,NA,NA,NA,NA
2013-11-01,4.885,NA,NA,NA,NA
2013-11-02,4.898,NA,NA,NA,NA
2013-11-03,4.912,NA,NA,NA,NA
2013-11-04,4.926,NA,NA,NA,NA
2013-11-05,4.94,NA,NA,NA,NA
2013-11-06,4.957,NA,NA,NA,NA
2013-11-07,4.973,NA,NA,NA,NA
2013-11-08,4.99,NA,NA,NA,NA
2013-11-09,5.006,NA,NA,NA,NA
2013-11-10,5.022,NA,NA,NA,NA
2013-11-11,5.039,NA,NA,NA,NA
2013-11-12,5.056,NA,NA,NA,NA
2013-11-13,5.068,NA,NA,NA,NA
2013-11-14,5.081,NA,NA,NA,NA
2013-11-15,5.094,NA,NA,NA,NA
2013-11-16,5.107,NA,NA,NA,NA
2013-11-17,5.121,NA,NA,NA,NA
2013-11-18,5.134,NA,NA,NA,NA
2013-11-19,5.144,NA,NA,NA,NA
2013-11-20,5.153,NA,NA,NA,NA
2013-11-21,5.163,NA,NA,NA,NA
2013-11-22,5.173,NA,NA,NA,NA
2013-11-23,5.183,NA,NA,NA,NA
2013-11-24,5.193,NA,NA,NA,NA
2013-11-25,5.203,NA,NA,NA,NA
2013-11-26,5.213,NA,NA,NA,NA
2013-11-27,5.223,NA,NA,NA,NA
2013-11-28,5.234,NA,NA,NA,NA
2013-11-29,5.244,NA,NA,NA,NA
2013-11-30,5.253,NA,NA,NA,NA
2013-12-01,5.273,NA,NA,NA,NA
2013-12-02,5.294,NA,NA,NA,NA
2013-12-03,5.303,NA,NA,NA,NA
2013-12-04,5.311,NA,NA,NA,NA
2013-12-05,5.32,NA,NA,NA,NA
2013-12-06,5.329,NA,NA,NA,NA
2013-12-07,5.338,NA,NA,NA,NA
2013-12-08,5.346,NA,NA,NA,NA
2013-12-09,5.355,NA,NA,NA,NA
2013-12-10,5.362,NA,NA,NA,NA
2013-12-11,5.369,NA,NA,NA,NA
2013-12-12,5.376,NA,NA,NA,NA
2013-12-13,5.383,NA,NA,NA,NA
2013-12-14,5.391,NA,NA,NA,NA
2013-12-15,5.399,NA,NA,NA,NA
2013-12-16,5.408,NA,NA,NA,NA
2013-12-17,5.416,NA,NA,NA,NA
2013-12-18,5.427,NA,NA,NA,NA
2013-12-19,5.437,NA,NA,NA,NA
2013-12-20,5.448,NA,NA,NA,NA
2013-12-21,5.458,NA,NA,NA,NA
2013-12-22,5.469,NA,NA,NA,NA
2013-12-23,5.479,NA,NA,NA,NA
2013-12-24,5.484,NA,NA,NA,NA
2013-12-25,5.49,NA,NA,NA,NA
2013-12-26,5.495,NA,NA,NA,NA
2013-12-27,5.5,NA,NA,NA,NA
2013-12-28,5.505,NA,NA,NA,NA
2013-12-29,5.511,NA,NA,NA,NA
2013-12-30,5.516,NA,NA,NA,NA
2013-12-31,5.521,NA,NA,NA,NA
2014-01-01,5.521,NA,NA,NA,NA
2014-01-02,5.528,NA,NA,NA,NA
2014-01-03,5.535,NA,NA,NA,NA
2014-01-04,5.542,NA,NA,NA,NA
2014-01-05,5.549,NA,NA,NA,NA
2014-01-06,5.556,NA,NA,NA,NA
2014-01-07,5.563,NA,NA,NA,NA
2014-01-08,5.572,NA,NA,NA,NA
2014-01-09,5.582,NA,NA,NA,NA
2014-01-10,5.591,NA,NA,NA,NA
2014-01-11,5.6,NA,NA,NA,NA
2014-01-12,5.609,NA,NA,NA,NA
2014-01-13,5.617,NA,NA,NA,NA
2014-01-14,5.626,NA,NA,NA,NA
2014-01-15,5.63,NA,NA,NA,NA
2014-01-16,5.634,NA,NA,NA,NA
2014-01-17,5.638,NA,NA,NA,NA
2014-01-18,5.642,NA,NA,NA,NA
2014-01-19,5.646,NA,NA,NA,NA
2014-01-20,5.65,NA,NA,NA,NA
2014-01-21,5.654,NA,NA,NA,NA
2014-01-22,5.658,NA,NA,NA,NA
2014-01-23,5.663,NA,NA,NA,NA
2014-01-24,5.667,NA,NA,NA,NA
2014-01-25,5.671,NA,NA,NA,NA
2014-01-26,5.675,NA,NA,NA,NA
2014-01-27,5.68,NA,NA,NA,NA
2014-01-28,5.684,NA,NA,NA,NA
2014-01-29,5.688,NA,NA,NA,NA
2014-01-30,5.691,NA,NA,NA,NA
2014-01-31,5.695,NA,NA,NA,NA
2014-02-01,5.702,NA,NA,NA,NA
2014-02-02,5.707,NA,NA,NA,NA
2014-02-03,5.712,NA,NA,NA,NA
2014-02-04,5.717,NA,NA,NA,NA
2014-02-05,5.722,NA,NA,NA,NA
2014-02-06,5.735,NA,NA,NA,NA
2014-02-07,5.748,NA,NA,NA,NA
2014-02-08,5.762,NA,NA,NA,NA
2014-02-09,5.775,NA,NA,NA,NA
2014-02-10,5.788,NA,NA,NA,NA
2014-02-11,5.801,NA,NA,NA,NA
2014-02-12,5.808,NA,NA,NA,NA
2014-02-13,5.814,NA,NA,NA,NA
2014-02-14,5.821,NA,NA,NA,NA
2014-02-15,5.827,NA,NA,NA,NA
2014-02-16,5.834,NA,NA,NA,NA
2014-02-17,5.841,NA,NA,NA,NA
2014-02-18,5.848,NA,NA,NA,NA
2014-02-19,5.854,NA,NA,NA,NA
2014-02-20,5.862,NA,NA,NA,NA
2014-02-21,5.862,NA,NA,NA,NA
2014-02-22,5.862,NA,NA,NA,NA
2014-02-23,5.862,NA,NA,NA,NA
2014-02-24,5.862,NA,NA,NA,NA
2014-02-25,5.862,NA,NA,NA,NA
2014-02-26,5.862,NA,NA,NA,NA
2014-02-27,5.862,NA,NA,NA,NA
2014-02-28,5.862,NA,NA,NA,NA
2014-03-01,5.862,NA,NA,NA,NA
2014-03-02,5.852,NA,NA,NA,NA
2014-03-03,5.842,NA,NA,NA,NA
2014-03-04,5.833,NA,NA,NA,NA
2014-03-05,5.824,NA,NA,NA,NA
2014-03-06,5.815,NA,NA,NA,NA
2014-03-07,5.806,NA,NA,NA,NA
2014-03-08,5.797,NA,NA,NA,NA
2014-03-09,5.788,NA,NA,NA,NA
2014-03-10,5.78,NA,NA,NA,NA
2014-03-11,5.771,NA,NA,NA,NA
2014-03-12,5.762,NA,NA,NA,NA
2014-03-13,5.764,NA,NA,NA,NA
2014-03-14,5.767,NA,NA,NA,NA
2014-03-15,5.77,NA,NA,NA,NA
2014-03-16,5.773,NA,NA,NA,NA
2014-03-17,5.776,NA,NA,NA,NA
2014-03-18,5.779,NA,NA,NA,NA
2014-03-19,5.781,NA,NA,NA,NA
2014-03-20,5.788,NA,NA,NA,NA
2014-03-21,5.794,NA,NA,NA,NA
2014-03-22,5.801,NA,NA,NA,NA
2014-03-23,5.808,NA,NA,NA,NA
2014-03-24,5.814,NA,NA,NA,NA
2014-03-25,5.821,NA,NA,NA,NA
2014-03-26,5.827,NA,NA,NA,NA
2014-03-27,5.834,NA,NA,NA,NA
2014-03-28,5.841,NA,NA,NA,NA
2014-03-29,5.841,NA,NA,NA,NA
2014-03-30,5.841,NA,NA,NA,NA
2014-03-31,5.841,NA,NA,NA,NA
2014-04-01,5.841,NA,NA,NA,NA
2014-04-02,5.841,NA,NA,NA,NA
2014-04-03,5.841,NA,NA,NA,NA
2014-04-04,5.841,NA,NA,NA,NA
2014-04-05,5.841,NA,NA,NA,NA
2014-04-06,5.841,NA,NA,NA,NA
2014-04-07,5.841,NA,NA,NA,NA
2014-04-08,5.841,NA,NA,NA,NA
2014-04-09,5.841,NA,NA,NA,NA
2014-04-10,5.901,NA,NA,NA,NA
2014-04-11,5.961,NA,NA,NA,NA
2014-04-12,6.023,NA,NA,NA,NA
2014-04-13,6.085,NA,NA,NA,NA
2014-04-14,6.148,NA,NA,NA,NA
2014-04-15,6.211,NA,NA,NA,NA
2014-04-16,6.275,NA,NA,NA,NA
2014-04-17,6.322,NA,NA,NA,NA
2014-04-18,6.37,NA,NA,NA,NA
2014-04-19,6.418,NA,NA,NA,NA
2014-04-20,6.466,NA,NA,NA,NA
2014-04-21,6.514,NA,NA,NA,NA
2014-04-22,6.601,NA,NA,NA,NA
2014-04-23,6.685,NA,NA,NA,NA
2014-04-24,6.765,NA,NA,NA,NA
2014-04-25,6.846,NA,NA,NA,NA
2014-04-26,6.929,NA,NA,NA,NA
2014-04-27,7.012,NA,NA,NA,NA
2014-04-28,7.096,NA,NA,NA,NA
2014-04-29,7.181,NA,NA,NA,NA
2014-04-30,7.181,NA,NA,NA,NA
2014-05-01,7.181,NA,NA,NA,NA
2014-05-02,7.22,NA,NA,NA,NA
2014-05-03,7.259,NA,NA,NA,NA
2014-05-04,7.298,NA,NA,NA,NA
2014-05-05,7.338,NA,NA,NA,NA
2014-05-06,7.406,NA,NA,NA,NA
2014-05-07,7.474,NA,NA,NA,NA
2014-05-08,7.543,NA,NA,NA,NA
2014-05-09,7.613,NA,NA,NA,NA
2014-05-10,7.683,NA,NA,NA,NA
2014-05-11,7.755,NA,NA,NA,NA
2014-05-12,7.82,NA,NA,NA,NA
2014-05-13,7.879,NA,NA,NA,NA
2014-05-14,7.94,NA,NA,NA,NA
2014-05-15,8,NA,NA,NA,NA
2014-05-16,8.061,NA,NA,NA,NA
2014-05-17,8.122,NA,NA,NA,NA
2014-05-18,8.184,NA,NA,NA,NA
2014-05-19,8.246,NA,NA,NA,NA
2014-05-20,8.55,NA,NA,NA,NA
2014-05-21,8.866,NA,NA,NA,NA
2014-05-22,9.183,NA,NA,NA,NA
2014-05-23,9.404,NA,NA,NA,NA
2014-05-24,9.642,NA,NA,NA,NA
2014-05-25,9.887,NA,NA,NA,NA
2014-05-26,10.138,NA,NA,NA,NA
2014-05-27,10.375,NA,NA,NA,NA
2014-05-28,10.375,NA,NA,NA,NA
2014-05-29,10.375,NA,NA,NA,NA
2014-05-30,10.375,NA,NA,NA,NA
2014-05-31,10.375,NA,NA,NA,NA
2014-06-01,10.375,NA,NA,NA,NA
2014-06-02,10.302,NA,NA,NA,NA
2014-06-03,10.302,NA,NA,NA,NA
2014-06-04,10.302,NA,NA,NA,NA
2014-06-05,10.302,NA,NA,NA,NA
2014-06-06,10.265,NA,NA,NA,NA
2014-06-07,10.229,NA,NA,NA,NA
2014-06-08,10.193,NA,NA,NA,NA
2014-06-09,10.156,NA,NA,NA,NA
2014-06-10,10.213,NA,NA,NA,NA
2014-06-11,10.269,NA,NA,NA,NA
2014-06-12,10.327,NA,NA,NA,NA
2014-06-13,10.327,NA,NA,NA,NA
2014-06-14,10.327,NA,NA,NA,NA
2014-06-15,10.327,NA,NA,NA,NA
2014-06-16,10.327,NA,NA,NA,NA
2014-06-17,10.321,NA,NA,NA,NA
2014-06-18,10.314,NA,NA,NA,NA
2014-06-19,10.308,NA,NA,NA,NA
2014-06-20,10.302,NA,NA,NA,NA
2014-06-21,10.294,NA,NA,NA,NA
2014-06-22,10.286,NA,NA,NA,NA
2014-06-23,10.277,NA,NA,NA,NA
2014-06-24,10.241,NA,NA,NA,NA
2014-06-25,10.205,NA,NA,NA,NA
2014-06-26,10.2,NA,NA,NA,NA
2014-06-27,10.195,NA,NA,NA,NA
2014-06-28,10.191,NA,NA,NA,NA
2014-06-29,10.186,NA,NA,NA,NA
2014-06-30,10.181,NA,NA,NA,NA
2014-07-01,10.181,NA,NA,NA,NA
2014-07-02,10.181,NA,NA,NA,NA
2014-07-03,10.181,NA,NA,NA,NA
2014-07-04,10.181,NA,NA,NA,NA
2014-07-05,10.181,NA,NA,NA,NA
2014-07-06,10.181,NA,NA,NA,NA
2014-07-07,10.181,NA,NA,NA,NA
2014-07-08,10.169,NA,NA,NA,NA
2014-07-09,10.156,NA,NA,NA,NA
2014-07-10,10.156,NA,NA,NA,NA
2014-07-11,10.156,NA,NA,NA,NA
2014-07-12,10.156,NA,NA,NA,NA
2014-07-13,10.156,NA,NA,NA,NA
2014-07-14,10.156,NA,NA,NA,NA
2014-07-15,10.156,NA,NA,NA,NA
2014-07-16,10.156,NA,NA,NA,NA
2014-07-17,10.156,NA,NA,NA,NA
2014-07-18,10.156,NA,NA,NA,NA
2014-07-19,10.149,NA,NA,NA,NA
2014-07-20,10.141,NA,NA,NA,NA
2014-07-21,10.133,NA,NA,NA,NA
2014-07-22,10.12,NA,NA,NA,NA
2014-07-23,10.107,NA,NA,NA,NA
2014-07-24,10.066,NA,NA,NA,NA
2014-07-25,9.984,NA,NA,NA,NA
2014-07-26,9.902,NA,NA,NA,NA
2014-07-27,9.825,NA,NA,NA,NA
2014-07-28,9.757,NA,NA,NA,NA
2014-07-29,9.696,NA,NA,NA,NA
2014-07-30,9.635,NA,NA,NA,NA
2014-07-31,9.566,NA,NA,NA,NA
2014-08-01,9.49,NA,NA,NA,NA
2014-08-02,9.416,NA,NA,NA,NA
2014-08-03,9.346,NA,NA,NA,NA
2014-08-04,9.284,NA,NA,NA,NA
2014-08-05,9.237,NA,NA,NA,NA
2014-08-06,9.191,NA,NA,NA,NA
2014-08-07,9.122,NA,NA,NA,NA
2014-08-08,9.054,NA,NA,NA,NA
2014-08-09,8.987,NA,NA,NA,NA
2014-08-10,8.917,NA,NA,NA,NA
2014-08-11,8.842,NA,NA,NA,NA
2014-08-12,8.766,NA,NA,NA,NA
2014-08-13,8.69,NA,NA,NA,NA
2014-08-14,8.618,NA,NA,NA,NA
2014-08-15,8.541,NA,NA,NA,NA
2014-08-16,8.463,NA,NA,NA,NA
2014-08-17,8.385,NA,NA,NA,NA
2014-08-18,8.309,NA,NA,NA,NA
2014-08-19,8.241,NA,NA,NA,NA
2014-08-20,8.203,NA,NA,NA,NA
2014-08-21,8.137,NA,NA,NA,NA
2014-08-22,8.078,NA,NA,NA,NA
2014-08-23,8.091,NA,NA,NA,NA
2014-08-24,8.062,NA,NA,NA,NA
2014-08-25,8.08,NA,NA,NA,NA
2014-08-26,8.069,NA,NA,NA,NA
2014-08-27,8.06,NA,NA,NA,NA
2014-08-28,8.048,NA,NA,NA,NA
2014-08-29,8.019,NA,NA,NA,NA
2014-08-30,7.983,NA,NA,NA,NA
2014-08-31,7.941,NA,NA,NA,NA
2014-09-01,7.892,NA,NA,NA,NA
2014-09-02,7.84,NA,NA,NA,NA
2014-09-03,7.781,NA,NA,NA,NA
2014-09-04,7.714,NA,NA,NA,NA
2014-09-05,7.648,NA,NA,NA,NA
2014-09-06,7.583,NA,NA,NA,NA
2014-09-07,7.513,NA,NA,NA,NA
2014-09-08,7.456,NA,NA,NA,NA
2014-09-09,7.467,NA,NA,NA,NA
2014-09-10,7.449,NA,NA,NA,NA
2014-09-11,7.433,NA,NA,NA,NA
2014-09-12,7.41,NA,NA,NA,NA
2014-09-13,7.387,NA,NA,NA,NA
2014-09-14,7.358,NA,NA,NA,NA
2014-09-15,7.329,NA,NA,NA,NA
2014-09-16,7.297,NA,NA,NA,NA
2014-09-17,7.266,NA,NA,NA,NA
2014-09-18,7.232,NA,NA,NA,NA
2014-09-19,7.197,NA,NA,NA,NA
2014-09-20,7.161,NA,NA,NA,NA
2014-09-21,7.144,NA,NA,NA,NA
2014-09-22,7.121,NA,NA,NA,NA
2014-09-23,7.089,NA,NA,NA,NA
2014-09-24,7.054,NA,NA,NA,NA
2014-09-25,7.017,NA,NA,NA,NA
2014-09-26,6.983,NA,NA,NA,NA
2014-09-27,7.076,NA,NA,NA,NA
2014-09-28,7.523,NA,NA,NA,NA
2014-09-29,7.773,NA,NA,NA,NA
2014-09-30,7.959,NA,NA,NA,NA
2014-10-01,8.114,NA,NA,NA,NA
2014-10-02,8.241,NA,NA,NA,NA
2014-10-03,8.348,NA,NA,NA,NA
2014-10-04,8.441,NA,NA,NA,NA
2014-10-05,8.522,NA,NA,NA,NA
2014-10-06,8.596,NA,NA,NA,NA
2014-10-07,8.662,NA,NA,NA,NA
2014-10-08,8.719,NA,NA,NA,NA
2014-10-09,8.771,NA,NA,NA,NA
2014-10-10,8.817,NA,NA,NA,NA
2014-10-11,8.861,NA,NA,NA,NA
2014-10-12,8.906,NA,NA,NA,NA
2014-10-13,8.944,NA,NA,NA,NA
2014-10-14,8.978,NA,NA,NA,NA
2014-10-15,9.008,NA,NA,NA,NA
2014-10-16,9.036,NA,NA,NA,NA
2014-10-17,9.061,NA,NA,NA,NA
2014-10-18,9.084,NA,NA,NA,NA
2014-10-19,9.108,NA,NA,NA,NA
2014-10-20,9.129,NA,NA,NA,NA
2014-10-21,9.155,NA,NA,NA,NA
2014-10-22,9.183,NA,NA,NA,NA
2014-10-23,9.192,NA,NA,NA,NA
2014-10-24,9.204,NA,NA,NA,NA
2014-10-25,9.218,NA,NA,NA,NA
2014-10-26,9.234,NA,NA,NA,NA
2014-10-27,9.246,NA,NA,NA,NA
2014-10-28,9.258,NA,NA,NA,NA
2014-10-29,9.27,NA,NA,NA,NA
2014-10-30,9.279,NA,NA,NA,NA
2014-10-31,9.292,NA,NA,NA,NA
2014-11-01,9.299,NA,NA,NA,NA
2014-11-02,9.308,NA,NA,NA,NA
2014-11-03,9.315,NA,NA,NA,NA
2014-11-04,9.32,NA,NA,NA,NA
2014-11-05,9.329,NA,NA,NA,NA
2014-11-06,9.336,NA,NA,NA,NA
2014-11-07,9.341,NA,NA,NA,NA
2014-11-08,9.349,NA,NA,NA,NA
2014-11-09,9.356,NA,NA,NA,NA
2014-11-10,9.363,NA,NA,NA,NA
2014-11-11,9.363,NA,NA,NA,NA
2014-11-12,9.361,NA,NA,NA,NA
2014-11-13,9.37,NA,NA,NA,NA
2014-11-14,9.377,NA,NA,NA,NA
2014-11-15,9.384,NA,NA,NA,NA
2014-11-16,9.384,NA,NA,NA,NA
2014-11-17,9.387,NA,NA,NA,NA
2014-11-18,9.389,NA,NA,NA,NA
2014-11-19,9.392,NA,NA,NA,NA
2014-11-20,9.394,NA,NA,NA,NA
2014-11-21,9.397,NA,NA,NA,NA
2014-11-22,9.411,NA,NA,NA,NA
2014-11-23,9.425,NA,NA,NA,NA
2014-11-24,9.432,NA,NA,NA,NA
2014-11-25,9.437,NA,NA,NA,NA
2014-11-26,9.44,NA,NA,NA,NA
2014-11-27,9.442,NA,NA,NA,NA
2014-11-28,9.445,NA,NA,NA,NA
2014-11-29,9.445,NA,NA,NA,NA
2014-11-30,9.447,NA,NA,NA,NA
2014-12-01,9.45,NA,NA,NA,NA
2014-12-02,9.45,NA,NA,NA,NA
2014-12-03,9.452,NA,NA,NA,NA
2014-12-04,9.455,NA,NA,NA,NA
2014-12-05,9.457,NA,NA,NA,NA
2014-12-06,9.457,NA,NA,NA,NA
2014-12-07,9.459,NA,NA,NA,NA
2014-12-08,9.459,NA,NA,NA,NA
2014-12-09,9.459,NA,NA,NA,NA
2014-12-10,9.339,NA,NA,NA,NA
2014-12-11,9.339,NA,NA,NA,NA
2014-12-12,9.339,NA,NA,NA,NA
2014-12-13,9.344,NA,NA,NA,NA
2014-12-14,9.346,NA,NA,NA,NA
2014-12-15,9.346,NA,NA,NA,NA
2014-12-16,9.349,NA,NA,NA,NA
2014-12-17,9.349,NA,NA,NA,NA
2014-12-18,9.349,NA,NA,NA,NA
2014-12-19,9.351,NA,NA,NA,NA
2014-12-20,9.351,NA,NA,NA,NA
2014-12-21,9.368,NA,NA,NA,NA
2014-12-22,9.382,NA,NA,NA,NA
2014-12-23,9.384,NA,NA,NA,NA
2014-12-24,9.389,NA,NA,NA,NA
2014-12-25,9.394,NA,NA,NA,NA
2014-12-26,9.394,NA,NA,NA,NA
2014-12-27,9.397,NA,NA,NA,NA
2014-12-28,9.404,NA,NA,NA,NA
2014-12-29,9.407,NA,NA,NA,NA
2014-12-30,9.407,NA,NA,NA,NA
2014-12-31,9.402,NA,NA,NA,NA
2015-01-01,9.389,NA,NA,NA,NA
2015-01-02,9.377,NA,NA,NA,NA
2015-01-03,9.366,NA,NA,NA,NA
2015-01-04,9.351,NA,NA,NA,NA
2015-01-05,9.339,NA,NA,NA,NA
2015-01-06,9.327,NA,NA,NA,NA
2015-01-07,9.315,NA,NA,NA,NA
2015-01-08,9.303,NA,NA,NA,NA
2015-01-09,9.294,NA,NA,NA,NA
2015-01-10,9.284,NA,NA,NA,NA
2015-01-11,9.277,NA,NA,NA,NA
2015-01-12,9.282,NA,NA,NA,NA
2015-01-13,9.27,NA,NA,NA,NA
2015-01-14,9.258,NA,NA,NA,NA
2015-01-15,9.248,NA,NA,NA,NA
2015-01-16,9.239,NA,NA,NA,NA
2015-01-17,9.23,NA,NA,NA,NA
2015-01-18,9.22,NA,NA,NA,NA
2015-01-19,9.213,NA,NA,NA,NA
2015-01-20,9.204,NA,NA,NA,NA
2015-01-21,9.194,NA,NA,NA,NA
2015-01-22,9.192,NA,NA,NA,NA
2015-01-23,9.191,NA,NA,NA,NA
2015-01-24,9.189,NA,NA,NA,NA
2015-01-25,9.189,NA,NA,NA,NA
2015-01-26,9.187,NA,NA,NA,NA
2015-01-27,9.185,NA,NA,NA,NA
2015-01-28,9.184,NA,NA,NA,NA
2015-01-29,9.183,NA,NA,NA,NA
2015-01-30,9.183,NA,NA,NA,NA
2015-01-31,9.18,NA,NA,NA,NA
2015-02-01,9.176,NA,NA,NA,NA
2015-02-02,9.176,NA,NA,NA,NA
2015-02-03,9.18,NA,NA,NA,NA
2015-02-04,9.185,NA,NA,NA,NA
2015-02-05,9.185,NA,NA,NA,NA
2015-02-06,9.185,NA,NA,NA,NA
2015-02-07,9.185,NA,NA,NA,NA
2015-02-08,9.187,NA,NA,NA,NA
2015-02-09,9.192,NA,NA,NA,NA
2015-02-10,9.194,NA,NA,NA,NA
2015-02-11,9.197,NA,NA,NA,NA
2015-02-12,9.197,NA,NA,NA,NA
2015-02-13,9.199,NA,NA,NA,NA
2015-02-14,9.204,NA,NA,NA,NA
2015-02-15,9.208,NA,NA,NA,NA
2015-02-16,9.211,NA,NA,NA,NA
2015-02-17,9.213,NA,NA,NA,NA
2015-02-18,9.218,NA,NA,NA,NA
2015-02-19,9.222,NA,NA,NA,NA
2015-02-20,9.23,NA,NA,NA,NA
2015-02-21,9.234,NA,NA,NA,NA
2015-02-22,9.234,NA,NA,NA,NA
2015-02-23,9.225,NA,NA,NA,NA
2015-02-24,9.199,NA,NA,NA,NA
2015-02-25,9.185,NA,NA,NA,NA
2015-02-26,9.162,NA,NA,NA,NA
2015-02-27,9.131,NA,NA,NA,NA
2015-02-28,9.108,NA,NA,NA,NA
2015-03-01,9.082,NA,NA,NA,NA
2015-03-02,9.061,NA,NA,NA,NA
2015-03-03,9.043,NA,NA,NA,NA
2015-03-04,9.015,NA,NA,NA,NA
2015-03-05,8.989,NA,NA,NA,NA
2015-03-06,8.967,NA,NA,NA,NA
2015-03-07,8.948,NA,NA,NA,NA
2015-03-08,8.93,NA,NA,NA,NA
2015-03-09,8.914,NA,NA,NA,NA
2015-03-10,8.894,NA,NA,NA,NA
2015-03-11,8.876,NA,NA,NA,NA
2015-03-12,8.861,NA,NA,NA,NA
2015-03-13,8.844,NA,NA,NA,NA
2015-03-14,8.832,NA,NA,NA,NA
2015-03-15,8.824,NA,NA,NA,NA
2015-03-16,8.827,NA,NA,NA,NA
2015-03-17,8.837,NA,NA,NA,NA
2015-03-18,8.856,NA,NA,NA,NA
2015-03-19,8.879,NA,NA,NA,NA
2015-03-20,8.904,NA,NA,NA,NA
2015-03-21,8.93,NA,NA,NA,NA
2015-03-22,8.958,NA,NA,NA,NA
2015-03-23,8.992,NA,NA,NA,NA
2015-03-24,9.01,NA,NA,NA,NA
2015-03-25,9.013,NA,NA,NA,NA
2015-03-26,9.017,NA,NA,NA,NA
2015-03-27,9.029,NA,NA,NA,NA
2015-03-28,9.049,NA,NA,NA,NA
2015-03-29,9.087,NA,NA,NA,NA
2015-03-30,9.133,NA,NA,NA,NA
2015-03-31,9.188,NA,NA,NA,NA
2015-04-01,9.222,NA,NA,NA,NA
2015-04-02,9.26,NA,NA,NA,NA
2015-04-03,9.284,NA,NA,NA,NA
2015-04-04,9.306,NA,NA,NA,NA
2015-04-05,9.317,NA,NA,NA,NA
2015-04-06,9.315,NA,NA,NA,NA
2015-04-07,9.292,NA,NA,NA,NA
2015-04-08,9.262,NA,NA,NA,NA
2015-04-09,9.232,NA,NA,NA,NA
2015-04-10,9.199,NA,NA,NA,NA
2015-04-11,9.176,NA,NA,NA,NA
2015-04-12,9.138,NA,NA,NA,NA
2015-04-13,9.112,NA,NA,NA,NA
2015-04-14,9.103,NA,NA,NA,NA
2015-04-15,9.096,NA,NA,NA,NA
2015-04-16,9.077,NA,NA,NA,NA
2015-04-17,9.068,NA,NA,NA,NA
2015-04-18,9.068,NA,NA,NA,NA
2015-04-19,9.068,NA,NA,NA,NA
2015-04-20,9.075,NA,NA,NA,NA
2015-04-21,9.098,NA,NA,NA,NA
2015-04-22,9.136,NA,NA,NA,NA
2015-04-23,9.176,NA,NA,NA,NA
2015-04-24,9.211,NA,NA,NA,NA
2015-04-25,9.262,NA,NA,NA,NA
2015-04-26,9.299,NA,NA,NA,NA
2015-04-27,9.324,NA,NA,NA,NA
2015-04-28,9.353,NA,NA,NA,NA
2015-04-29,9.447,NA,NA,NA,NA
2015-04-30,9.608,NA,NA,NA,NA
2015-05-01,9.794,NA,NA,NA,NA
2015-05-02,10.029,NA,NA,NA,NA
2015-05-03,10.248,NA,NA,NA,NA
2015-05-04,10.317,NA,NA,NA,NA
2015-05-05,10.329,NA,NA,NA,NA
2015-05-06,10.348,NA,NA,NA,NA
2015-05-07,10.322,NA,NA,NA,NA
2015-05-08,10.3,NA,NA,NA,NA
2015-05-09,10.285,NA,NA,NA,NA
2015-05-10,10.267,NA,NA,NA,NA
2015-05-11,10.255,NA,NA,NA,NA
2015-05-12,10.25,NA,NA,NA,NA
2015-05-13,10.258,NA,NA,NA,NA
2015-05-14,10.267,NA,NA,NA,NA
2015-05-15,10.265,NA,NA,NA,NA
2015-05-16,10.258,NA,NA,NA,NA
2015-05-17,10.255,NA,NA,NA,NA
2015-05-18,10.255,NA,NA,NA,NA
2015-05-19,10.258,NA,NA,NA,NA
2015-05-20,10.26,NA,NA,NA,NA
2015-05-21,10.263,NA,NA,NA,NA
2015-05-22,10.265,NA,NA,NA,NA
2015-05-23,10.258,NA,NA,NA,NA
2015-05-24,10.265,NA,NA,NA,NA
2015-05-25,10.275,NA,NA,NA,NA
2015-05-26,10.29,NA,NA,NA,NA
2015-05-27,10.314,NA,NA,NA,NA
2015-05-28,10.331,NA,NA,NA,NA
2015-05-29,10.334,NA,NA,NA,NA
2015-05-30,10.372,NA,NA,NA,NA
2015-05-31,10.424,NA,NA,NA,NA
2015-06-01,10.427,NA,NA,NA,NA
2015-06-02,10.402,NA,NA,NA,NA
2015-06-03,10.358,NA,NA,NA,NA
2015-06-04,10.353,NA,NA,NA,NA
2015-06-05,10.336,NA,NA,NA,NA
2015-06-06,10.336,NA,NA,NA,NA
2015-06-07,10.314,NA,NA,NA,NA
2015-06-08,10.307,NA,NA,NA,NA
2015-06-09,10.292,NA,NA,NA,NA
2015-06-10,10.334,NA,NA,NA,NA
2015-06-11,10.307,NA,NA,NA,NA
2015-06-12,10.29,NA,NA,NA,NA
2015-06-13,10.28,NA,NA,NA,NA
2015-06-14,10.265,NA,NA,NA,NA
2015-06-15,10.265,NA,NA,NA,NA
2015-06-16,10.253,NA,NA,NA,NA
2015-06-17,10.236,NA,NA,NA,NA
2015-06-18,10.224,NA,NA,NA,NA
2015-06-19,10.212,NA,NA,NA,NA
2015-06-20,10.205,NA,NA,NA,NA
2015-06-21,10.195,NA,NA,NA,NA
2015-06-22,10.191,NA,NA,NA,NA
2015-06-23,10.183,NA,NA,NA,NA
2015-06-24,10.179,NA,NA,NA,NA
2015-06-25,10.174,NA,NA,NA,NA
2015-06-26,10.166,NA,NA,NA,NA
2015-06-27,10.161,NA,NA,NA,NA
2015-06-28,10.156,NA,NA,NA,NA
2015-06-29,10.154,NA,NA,NA,NA
2015-06-30,10.152,NA,NA,NA,NA
2015-07-01,10.12,NA,NA,NA,NA
2015-07-02,10.048,NA,NA,NA,NA
2015-07-03,9.974,NA,NA,NA,NA
2015-07-04,9.912,NA,NA,NA,NA
2015-07-05,9.854,NA,NA,NA,NA
2015-07-06,9.784,NA,NA,NA,NA
2015-07-07,9.717,NA,NA,NA,NA
2015-07-08,9.647,NA,NA,NA,NA
2015-07-09,9.598,NA,NA,NA,NA
2015-07-10,9.564,NA,NA,NA,NA
2015-07-11,9.508,NA,NA,NA,NA
2015-07-12,9.445,NA,NA,NA,NA
2015-07-13,9.384,NA,NA,NA,NA
2015-07-14,9.324,NA,NA,NA,NA
2015-07-15,9.267,NA,NA,NA,NA
2015-07-16,9.206,NA,NA,NA,NA
2015-07-17,9.147,NA,NA,NA,NA
2015-07-18,9.084,NA,NA,NA,NA
2015-07-19,9.02,NA,NA,NA,NA
2015-07-20,8.958,NA,NA,NA,NA
2015-07-21,8.901,NA,NA,NA,NA
2015-07-22,8.837,NA,NA,NA,NA
2015-07-23,8.766,NA,NA,NA,NA
2015-07-24,8.692,NA,NA,NA,NA
2015-07-25,8.621,NA,NA,NA,NA
2015-07-26,8.546,NA,NA,NA,NA
2015-07-27,8.47,NA,NA,NA,NA
2015-07-28,8.397,NA,NA,NA,NA
2015-07-29,8.323,NA,NA,NA,NA
2015-07-30,8.248,NA,NA,NA,NA
2015-07-31,8.173,NA,NA,NA,NA
2015-08-01,8.1,NA,NA,NA,NA
2015-08-02,8.03,NA,NA,NA,NA
2015-08-03,7.999,NA,NA,NA,NA
2015-08-04,7.937,NA,NA,NA,NA
2015-08-05,7.868,NA,NA,NA,NA
2015-08-06,7.8,NA,NA,NA,NA
2015-08-07,7.75,NA,NA,NA,NA
2015-08-08,7.702,NA,NA,NA,NA
2015-08-09,7.636,NA,NA,NA,NA
2015-08-10,7.566,NA,NA,NA,NA
2015-08-11,7.495,NA,NA,NA,NA
2015-08-12,7.442,NA,NA,NA,NA
2015-08-13,7.378,NA,NA,NA,NA
2015-08-14,7.322,NA,NA,NA,NA
2015-08-15,7.272,NA,NA,NA,NA
2015-08-16,7.221,NA,NA,NA,NA
2015-08-17,7.166,NA,NA,NA,NA
2015-08-18,7.113,NA,NA,NA,NA
2015-08-19,7.06,NA,NA,NA,NA
2015-08-20,7.008,NA,NA,NA,NA
2015-08-21,6.955,NA,NA,NA,NA
2015-08-22,6.901,NA,NA,NA,NA
2015-08-23,6.849,NA,NA,NA,NA
2015-08-24,6.796,NA,NA,NA,NA
2015-08-25,6.731,NA,NA,NA,NA
2015-08-26,6.663,NA,NA,NA,NA
2015-08-27,6.582,NA,NA,NA,NA
2015-08-28,6.503,NA,NA,NA,NA
2015-08-29,6.424,NA,NA,NA,NA
2015-08-30,6.346,NA,NA,NA,NA
2015-08-31,6.268,NA,NA,NA,NA
2015-09-01,6.19,NA,NA,NA,NA
2015-09-02,6.112,NA,NA,NA,NA
2015-09-03,6.034,NA,NA,NA,NA
2015-09-04,5.955,NA,NA,NA,NA
2015-09-05,5.879,NA,NA,NA,NA
2015-09-06,5.803,NA,NA,NA,NA
2015-09-07,5.728,NA,NA,NA,NA
2015-09-08,5.652,NA,NA,NA,NA
2015-09-09,5.574,NA,NA,NA,NA
2015-09-10,5.494,NA,NA,NA,NA
2015-09-11,5.42,NA,NA,NA,NA
2015-09-12,5.359,NA,NA,NA,NA
2015-09-13,5.294,NA,NA,NA,NA
2015-09-14,5.236,NA,NA,NA,NA
2015-09-15,5.201,NA,NA,NA,NA
2015-09-16,5.185,NA,NA,NA,NA
2015-09-17,5.181,NA,NA,NA,NA
2015-09-18,5.163,NA,NA,NA,NA
2015-09-19,5.14,NA,NA,NA,NA
2015-09-20,5.116,NA,NA,NA,NA
2015-09-21,5.092,NA,NA,NA,NA
2015-09-22,5.065,NA,NA,NA,NA
2015-09-23,5.04,NA,NA,NA,NA
2015-09-24,5.024,NA,NA,NA,NA
2015-09-25,5.015,NA,NA,NA,NA
2015-09-26,5.009,NA,NA,NA,NA
2015-09-27,5.002,NA,NA,NA,NA
2015-09-28,4.992,NA,NA,NA,NA
2015-09-29,4.984,NA,NA,NA,NA
2015-09-30,4.976,NA,NA,NA,NA
2015-10-01,4.975,NA,NA,NA,NA
2015-10-02,4.975,NA,NA,NA,NA
2015-10-03,4.986,NA,NA,NA,NA
2015-10-04,4.99,NA,NA,NA,NA
2015-10-05,4.992,NA,NA,NA,NA
2015-10-06,4.996,NA,NA,NA,NA
2015-10-07,4.998,NA,NA,NA,NA
2015-10-08,5,NA,NA,NA,NA
2015-10-09,5,NA,NA,NA,NA
2015-10-10,5.002,NA,NA,NA,NA
2015-10-11,5,NA,NA,NA,NA
2015-10-12,4.998,NA,NA,NA,NA
2015-10-13,4.996,NA,NA,NA,NA
2015-10-14,4.996,NA,NA,NA,NA
2015-10-15,4.994,NA,NA,NA,NA
2015-10-16,4.992,NA,NA,NA,NA
2015-10-17,4.994,NA,NA,NA,NA
2015-10-18,4.998,NA,NA,NA,NA
2015-10-19,5.007,NA,NA,NA,NA
2015-10-20,5.009,NA,NA,NA,NA
2015-10-21,5.011,NA,NA,NA,NA
2015-10-22,5.013,NA,NA,NA,NA
2015-10-23,5.013,NA,NA,NA,NA
2015-10-24,5.013,NA,NA,NA,NA
2015-10-25,5.015,NA,NA,NA,NA
2015-10-26,5.013,NA,NA,NA,NA
2015-10-27,5.009,NA,NA,NA,NA
2015-10-28,5.007,NA,NA,NA,NA
2015-10-29,5.009,NA,NA,NA,NA
2015-10-30,5.009,NA,NA,NA,NA
2015-10-31,5.013,NA,NA,NA,NA
2015-11-01,5.013,NA,NA,NA,NA
2015-11-02,5.015,NA,NA,NA,NA
2015-11-03,5.011,NA,NA,NA,NA
2015-11-04,5.011,NA,NA,NA,NA
2015-11-05,5.011,NA,NA,NA,NA
2015-11-06,5.009,NA,NA,NA,NA
2015-11-07,5.007,NA,NA,NA,NA
2015-11-08,5.007,NA,NA,NA,NA
2015-11-09,5.005,NA,NA,NA,NA
2015-11-10,5.011,NA,NA,NA,NA
2015-11-11,5.011,NA,NA,NA,NA
2015-11-12,5.011,NA,NA,NA,NA
2015-11-13,5.011,NA,NA,NA,NA
2015-11-14,5.011,NA,NA,NA,NA
2015-11-15,5.011,NA,NA,NA,NA
2015-11-16,5.009,NA,NA,NA,NA
2015-11-17,5.009,NA,NA,NA,NA
2015-11-18,5.009,NA,NA,NA,NA
2015-11-19,5.011,NA,NA,NA,NA
2015-11-20,5.015,NA,NA,NA,NA
2015-11-21,5.013,NA,NA,NA,NA
2015-11-22,5.015,NA,NA,NA,NA
2015-11-23,5.015,NA,NA,NA,NA
2015-11-24,5.015,NA,NA,NA,NA
2015-11-25,5.015,NA,NA,NA,NA
2015-11-26,5.015,NA,NA,NA,NA
2015-11-27,5.015,NA,NA,NA,NA
2015-11-28,5.017,NA,NA,NA,NA
2015-11-29,5.015,NA,NA,NA,NA
2015-11-30,5.017,NA,NA,NA,NA
2015-12-01,5.015,NA,NA,NA,NA
2015-12-02,5.015,NA,NA,NA,NA
2015-12-03,5.017,NA,NA,NA,NA
2015-12-04,5.015,NA,NA,NA,NA
2015-12-05,5.013,NA,NA,NA,NA
2015-12-06,5.013,NA,NA,NA,NA
2015-12-07,5.015,NA,NA,NA,NA
2015-12-08,5.015,NA,NA,NA,NA
2015-12-09,NA,NA,NA,NA,NA
2015-12-10,5.022,NA,NA,NA,NA
2015-12-11,5.022,NA,NA,NA,NA
2015-12-12,5.021,NA,NA,NA,NA
2015-12-13,5.022,NA,NA,NA,NA
2015-12-14,5.026,NA,NA,NA,NA
2015-12-15,5.026,NA,NA,NA,NA
2015-12-16,5.028,NA,NA,NA,NA
2015-12-17,5.028,NA,NA,NA,NA
2015-12-18,5.03,NA,NA,NA,NA
2015-12-19,5.03,NA,NA,NA,NA
2015-12-20,5.036,NA,NA,NA,NA
2015-12-21,5.05,NA,NA,NA,NA
2015-12-22,5.062,NA,NA,NA,NA
2015-12-23,5.069,NA,NA,NA,NA
2015-12-24,5.075,NA,NA,NA,NA
2015-12-25,5.077,NA,NA,NA,NA
2015-12-26,5.078,NA,NA,NA,NA
2015-12-27,5.082,NA,NA,NA,NA
2015-12-28,5.084,NA,NA,NA,NA
2015-12-29,5.086,NA,NA,NA,NA
2015-12-30,5.086,NA,NA,NA,NA
2015-12-31,5.086,NA,NA,NA,NA
2016-01-01,5.088,NA,NA,NA,NA
2016-01-02,5.09,NA,NA,NA,NA
2016-01-03,5.092,NA,NA,NA,NA
2016-01-04,5.092,NA,NA,NA,NA
2016-01-05,5.094,NA,NA,NA,NA
2016-01-06,5.096,NA,NA,NA,NA
2016-01-07,5.102,NA,NA,NA,NA
2016-01-08,5.102,NA,NA,NA,NA
2016-01-09,5.104,NA,NA,NA,NA
2016-01-10,5.102,NA,NA,NA,NA
2016-01-11,5.104,NA,NA,NA,NA
2016-01-12,5.106,NA,NA,NA,NA
2016-01-13,5.108,NA,NA,NA,NA
2016-01-14,5.11,NA,NA,NA,NA
2016-01-15,5.116,NA,NA,NA,NA
2016-01-16,5.12,NA,NA,NA,NA
2016-01-17,5.12,NA,NA,NA,NA
2016-01-18,5.126,NA,NA,NA,NA
2016-01-19,5.13,NA,NA,NA,NA
2016-01-20,5.136,NA,NA,NA,NA
2016-01-21,5.138,NA,NA,NA,NA
2016-01-22,5.142,NA,NA,NA,NA
2016-01-23,5.146,NA,NA,NA,NA
2016-01-24,5.152,NA,NA,NA,NA
2016-01-25,5.155,NA,NA,NA,NA
2016-01-26,5.155,NA,NA,NA,NA
2016-01-27,5.159,NA,NA,NA,NA
2016-01-28,5.161,NA,NA,NA,NA
2016-01-29,5.171,NA,NA,NA,NA
2016-01-30,5.181,NA,NA,NA,NA
2016-01-31,5.189,NA,NA,NA,NA
2016-02-01,5.193,NA,NA,NA,NA
2016-02-02,5.195,NA,NA,NA,NA
2016-02-03,5.197,NA,NA,NA,NA
2016-02-04,5.203,NA,NA,NA,NA
2016-02-05,5.205,NA,NA,NA,NA
2016-02-06,5.209,NA,NA,NA,NA
2016-02-07,5.211,NA,NA,NA,NA
2016-02-08,5.213,NA,NA,NA,NA
2016-02-09,5.217,NA,NA,NA,NA
2016-02-10,5.219,NA,NA,NA,NA
2016-02-11,5.223,NA,NA,NA,NA
2016-02-12,5.227,NA,NA,NA,NA
2016-02-13,5.232,NA,NA,NA,NA
2016-02-14,5.24,NA,NA,NA,NA
2016-02-15,5.245,NA,NA,NA,NA
2016-02-16,5.251,NA,NA,NA,NA
2016-02-17,5.255,NA,NA,NA,NA
2016-02-18,5.273,NA,NA,NA,NA
2016-02-19,5.277,NA,NA,NA,NA
2016-02-20,5.284,NA,NA,NA,NA
2016-02-21,5.29,NA,NA,NA,NA
2016-02-22,5.294,NA,NA,NA,NA
2016-02-23,5.3,NA,NA,NA,NA
2016-02-24,5.304,NA,NA,NA,NA
2016-02-25,5.308,NA,NA,NA,NA
2016-02-26,5.314,NA,NA,NA,NA
2016-02-27,5.32,NA,NA,NA,NA
2016-02-28,5.329,NA,NA,NA,NA
2016-02-29,5.335,NA,NA,NA,NA
2016-03-01,5.345,NA,NA,NA,NA
2016-03-02,5.353,NA,NA,NA,NA
2016-03-03,5.361,NA,NA,NA,NA
2016-03-04,5.371,NA,NA,NA,NA
2016-03-05,5.383,NA,NA,NA,NA
2016-03-06,5.404,NA,NA,NA,NA
2016-03-07,5.416,NA,NA,NA,NA
2016-03-08,5.427,NA,NA,NA,NA
2016-03-09,5.441,NA,NA,NA,NA
2016-03-10,5.454,NA,NA,NA,NA
2016-03-11,5.469,NA,NA,NA,NA
2016-03-12,5.483,NA,NA,NA,NA
2016-03-13,5.498,NA,NA,NA,NA
2016-03-14,5.523,NA,NA,NA,NA
2016-03-15,5.538,NA,NA,NA,NA
2016-03-16,5.553,NA,NA,NA,NA
2016-03-17,5.565,NA,NA,NA,NA
2016-03-18,5.576,NA,NA,NA,NA
2016-03-19,5.589,NA,NA,NA,NA
2016-03-20,5.602,NA,NA,NA,NA
2016-03-21,5.618,NA,NA,NA,NA
2016-03-22,5.646,NA,NA,NA,NA
2016-03-23,5.666,NA,NA,NA,NA
2016-03-24,5.678,NA,NA,NA,NA
2016-03-25,5.695,NA,NA,NA,NA
2016-03-26,5.706,NA,NA,NA,NA
2016-03-27,5.72,NA,NA,NA,NA
2016-03-28,5.736,NA,NA,NA,NA
2016-03-29,5.756,NA,NA,NA,NA
2016-03-30,5.769,NA,NA,NA,NA
2016-03-31,5.785,NA,NA,NA,NA
2016-04-01,5.797,NA,NA,NA,NA
2016-04-02,5.811,NA,NA,NA,NA
2016-04-03,5.829,NA,NA,NA,NA
2016-04-04,5.853,NA,NA,NA,NA
2016-04-05,5.879,NA,NA,NA,NA
2016-04-06,5.909,NA,NA,NA,NA
2016-04-07,5.954,NA,NA,NA,NA
2016-04-08,6.019,NA,NA,NA,NA
2016-04-09,6.095,NA,NA,NA,NA
2016-04-10,6.183,NA,NA,NA,NA
2016-04-11,6.285,NA,NA,NA,NA
2016-04-12,6.4,NA,NA,NA,NA
2016-04-13,6.546,NA,NA,NA,NA
2016-04-14,6.719,NA,NA,NA,NA
2016-04-15,6.849,NA,NA,NA,NA
2016-04-16,6.955,NA,NA,NA,NA
2016-04-17,7.047,NA,NA,NA,NA
2016-04-18,7.132,NA,NA,NA,NA
2016-04-19,7.219,NA,NA,NA,NA
2016-04-20,7.301,NA,NA,NA,NA
2016-04-21,7.415,NA,NA,NA,NA
2016-04-22,7.561,NA,NA,NA,NA
2016-04-23,7.731,NA,NA,NA,NA
2016-04-24,7.838,NA,NA,NA,NA
2016-04-25,7.919,NA,NA,NA,NA
2016-04-26,7.901,NA,NA,NA,NA
2016-04-27,7.831,NA,NA,NA,NA
2016-04-28,7.757,NA,NA,NA,NA
2016-04-29,7.704,NA,NA,NA,NA
2016-04-30,7.655,NA,NA,NA,NA
2016-05-01,7.604,NA,NA,NA,NA
2016-05-02,7.578,NA,NA,NA,NA
2016-05-03,7.597,NA,NA,NA,NA
2016-05-04,7.662,NA,NA,NA,NA
2016-05-05,7.807,NA,NA,NA,NA
2016-05-06,8.139,NA,NA,NA,NA
2016-05-07,8.411,NA,NA,NA,NA
2016-05-08,8.601,NA,NA,NA,NA
2016-05-09,8.747,NA,NA,NA,NA
2016-05-10,8.854,NA,NA,NA,NA
2016-05-11,8.894,NA,NA,NA,NA
2016-05-12,8.896,NA,NA,NA,NA
2016-05-13,8.989,NA,NA,NA,NA
2016-05-14,9.237,NA,NA,NA,NA
2016-05-15,9.73,NA,NA,NA,NA
2016-05-16,9.963,NA,NA,NA,NA
2016-05-17,9.999,NA,NA,NA,NA
2016-05-18,10.006,NA,NA,NA,NA
2016-05-19,10.089,NA,NA,NA,NA
2016-05-20,10.202,NA,NA,NA,NA
2016-05-21,10.166,NA,NA,NA,NA
2016-05-22,10.073,NA,NA,NA,NA
2016-05-23,10.042,NA,NA,NA,NA
2016-05-24,10.014,NA,NA,NA,NA
2016-05-25,9.976,NA,NA,NA,NA
2016-05-26,9.971,NA,NA,NA,NA
2016-05-27,9.927,NA,NA,NA,NA
2016-05-28,9.935,NA,NA,NA,NA
2016-05-29,10.058,NA,NA,NA,NA
2016-05-30,10.232,NA,NA,NA,NA
2016-05-31,10.239,NA,NA,NA,NA
2016-06-01,10.258,NA,NA,NA,NA
2016-06-02,10.258,NA,NA,NA,NA
2016-06-03,10.329,NA,NA,NA,NA
2016-06-04,10.362,NA,NA,NA,NA
2016-06-05,10.36,NA,NA,NA,NA
2016-06-06,10.329,NA,NA,NA,NA
2016-06-07,10.324,NA,NA,NA,NA
2016-06-08,10.307,NA,NA,NA,NA
2016-06-09,10.275,NA,NA,NA,NA
2016-06-10,10.202,NA,NA,NA,NA
2016-06-11,10.171,NA,NA,NA,NA
2016-06-12,10.14,NA,NA,NA,NA
2016-06-13,10.079,NA,NA,NA,NA
2016-06-14,10.272,NA,NA,NA,NA
2016-06-15,10.307,NA,NA,NA,NA
2016-06-16,10.295,NA,NA,NA,NA
2016-06-17,10.28,NA,NA,NA,NA
2016-06-18,10.265,NA,NA,NA,NA
2016-06-19,10.25,NA,NA,NA,NA
2016-06-20,10.241,NA,NA,NA,NA
2016-06-21,10.234,NA,NA,NA,NA
2016-06-22,10.224,NA,NA,NA,NA
2016-06-23,10.214,NA,NA,NA,NA
2016-06-24,10.205,NA,NA,NA,NA
2016-06-25,10.195,NA,NA,NA,NA
2016-06-26,10.186,NA,NA,NA,NA
2016-06-27,10.181,NA,NA,NA,NA
2016-06-28,10.174,NA,NA,NA,NA
2016-06-29,10.171,NA,NA,NA,NA
2016-06-30,10.169,NA,NA,NA,NA
2016-07-01,10.164,NA,NA,NA,NA
2016-07-02,10.159,NA,NA,NA,NA
2016-07-03,10.156,NA,NA,NA,NA
2016-07-04,10.149,NA,NA,NA,NA
2016-07-05,10.147,NA,NA,NA,NA
2016-07-06,10.142,NA,NA,NA,NA
2016-07-07,10.099,NA,NA,NA,NA
2016-07-08,10.04,NA,NA,NA,NA
2016-07-09,9.976,NA,NA,NA,NA
2016-07-10,9.91,NA,NA,NA,NA
2016-07-11,9.844,NA,NA,NA,NA
2016-07-12,9.777,NA,NA,NA,NA
2016-07-13,9.706,NA,NA,NA,NA
2016-07-14,9.637,NA,NA,NA,NA
2016-07-15,9.566,NA,NA,NA,NA
2016-07-16,9.493,NA,NA,NA,NA
2016-07-17,9.418,NA,NA,NA,NA
2016-07-18,9.341,NA,NA,NA,NA
2016-07-19,9.27,NA,NA,NA,NA
2016-07-20,9.194,NA,NA,NA,NA
2016-07-21,9.119,NA,NA,NA,NA
2016-07-22,9.045,NA,NA,NA,NA
2016-07-23,8.969,NA,NA,NA,NA
2016-07-24,8.871,NA,NA,NA,NA
2016-07-25,8.742,NA,NA,NA,NA
2016-07-26,8.616,NA,NA,NA,NA
2016-07-27,8.487,NA,NA,NA,NA
2016-07-28,8.359,NA,NA,NA,NA
2016-07-29,8.237,NA,NA,NA,NA
2016-07-30,8.116,NA,NA,NA,NA
2016-07-31,7.994,NA,NA,NA,NA
2016-08-01,7.888,NA,NA,NA,NA
2016-08-02,7.788,NA,NA,NA,NA
2016-08-03,7.683,NA,NA,NA,NA
2016-08-04,7.576,NA,NA,NA,NA
2016-08-05,7.469,NA,NA,NA,NA
2016-08-06,7.365,NA,NA,NA,NA
2016-08-07,7.268,NA,NA,NA,NA
2016-08-08,7.175,NA,NA,NA,NA
2016-08-09,7.08,NA,NA,NA,NA
2016-08-10,6.998,NA,NA,NA,NA
2016-08-11,6.929,NA,NA,NA,NA
2016-08-12,6.874,NA,NA,NA,NA
2016-08-13,6.817,NA,NA,NA,NA
2016-08-14,6.76,NA,NA,NA,NA
2016-08-15,6.704,NA,NA,NA,NA
2016-08-16,6.648,NA,NA,NA,NA
2016-08-17,6.593,NA,NA,NA,NA
2016-08-18,6.543,NA,NA,NA,NA
2016-08-19,6.492,NA,NA,NA,NA
2016-08-20,6.442,NA,NA,NA,NA
2016-08-21,6.392,NA,NA,NA,NA
2016-08-22,6.339,NA,NA,NA,NA
2016-08-23,6.289,NA,NA,NA,NA
2016-08-24,6.239,NA,NA,NA,NA
2016-08-25,6.196,NA,NA,NA,NA
2016-08-26,6.167,NA,NA,NA,NA
2016-08-27,6.135,NA,NA,NA,NA
2016-08-28,6.104,NA,NA,NA,NA
2016-08-29,6.073,NA,NA,NA,NA
2016-08-30,6.042,NA,NA,NA,NA
2016-08-31,6.011,NA,NA,NA,NA
2016-09-01,5.98,NA,NA,NA,NA
2016-09-02,5.952,NA,NA,NA,NA
2016-09-03,5.921,NA,NA,NA,NA
2016-09-04,5.891,NA,NA,NA,NA
2016-09-05,5.859,NA,NA,NA,NA
2016-09-06,5.841,NA,NA,NA,NA
2016-09-07,5.835,NA,NA,NA,NA
2016-09-08,5.829,NA,NA,NA,NA
2016-09-09,5.821,NA,NA,NA,NA
2016-09-10,5.815,NA,NA,NA,NA
2016-09-11,5.809,NA,NA,NA,NA
2016-09-12,5.803,NA,NA,NA,NA
2016-09-13,5.803,NA,NA,NA,NA
2016-09-14,5.807,NA,NA,NA,NA
2016-09-15,5.805,NA,NA,NA,NA
2016-09-16,5.801,NA,NA,NA,NA
2016-09-17,5.797,NA,NA,NA,NA
2016-09-18,5.793,NA,NA,NA,NA
2016-09-19,5.787,NA,NA,NA,NA
2016-09-20,5.783,NA,NA,NA,NA
2016-09-21,5.781,NA,NA,NA,NA
2016-09-22,5.807,NA,NA,NA,NA
2016-09-23,5.821,NA,NA,NA,NA
2016-09-24,5.853,NA,NA,NA,NA
2016-09-25,5.867,NA,NA,NA,NA
2016-09-26,5.891,NA,NA,NA,NA
2016-09-27,5.913,NA,NA,NA,NA
2016-09-28,5.931,NA,NA,NA,NA
2016-09-29,5.946,NA,NA,NA,NA
2016-09-30,5.955,NA,NA,NA,NA
2016-10-01,5.964,NA,NA,NA,NA
2016-10-02,5.974,NA,NA,NA,NA
2016-10-03,5.99,NA,NA,NA,NA
2016-10-04,5.998,NA,NA,NA,NA
2016-10-05,6.011,NA,NA,NA,NA
2016-10-06,6.019,NA,NA,NA,NA
2016-10-07,6.027,NA,NA,NA,NA
2016-10-08,6.036,NA,NA,NA,NA
2016-10-09,6.046,NA,NA,NA,NA
2016-10-10,6.055,NA,NA,NA,NA
2016-10-11,6.061,NA,NA,NA,NA
2016-10-12,6.067,NA,NA,NA,NA
2016-10-13,6.071,NA,NA,NA,NA
2016-10-14,6.075,NA,NA,NA,NA
2016-10-15,6.075,NA,NA,NA,NA
2016-10-16,6.077,NA,NA,NA,NA
2016-10-17,6.091,NA,NA,NA,NA
2016-10-18,6.095,NA,NA,NA,NA
2016-10-19,6.099,NA,NA,NA,NA
2016-10-20,6.102,NA,NA,NA,NA
2016-10-21,6.108,NA,NA,NA,NA
2016-10-22,6.11,NA,NA,NA,NA
2016-10-23,6.112,NA,NA,NA,NA
2016-10-24,6.135,NA,NA,NA,NA
2016-10-25,6.156,NA,NA,NA,NA
2016-10-26,6.171,NA,NA,NA,NA
2016-10-27,6.185,NA,NA,NA,NA
2016-10-28,6.202,NA,NA,NA,NA
2016-10-29,6.217,NA,NA,NA,NA
2016-10-30,6.235,NA,NA,NA,NA
2016-10-31,6.279,NA,NA,NA,NA
2016-11-01,6.313,NA,NA,NA,NA
2016-11-02,6.341,NA,NA,NA,NA
2016-11-03,6.366,NA,NA,NA,NA
2016-11-04,6.39,NA,NA,NA,NA
2016-11-05,6.411,NA,NA,NA,NA
2016-11-06,6.433,NA,NA,NA,NA
2016-11-07,6.451,NA,NA,NA,NA
2016-11-08,6.469,NA,NA,NA,NA
2016-11-09,6.486,NA,NA,NA,NA
2016-11-10,6.498,NA,NA,NA,NA
2016-11-11,6.512,NA,NA,NA,NA
2016-11-12,6.525,NA,NA,NA,NA
2016-11-13,6.536,NA,NA,NA,NA
2016-11-14,6.546,NA,NA,NA,NA
2016-11-15,6.555,NA,NA,NA,NA
2016-11-16,6.562,NA,NA,NA,NA
2016-11-17,6.569,NA,NA,NA,NA
2016-11-18,6.571,NA,NA,NA,NA
2016-11-19,6.58,NA,NA,NA,NA
2016-11-20,6.586,NA,NA,NA,NA
2016-11-21,6.602,NA,NA,NA,NA
2016-11-22,6.608,NA,NA,NA,NA
2016-11-23,6.617,NA,NA,NA,NA
2016-11-24,6.622,NA,NA,NA,NA
2016-11-25,6.626,NA,NA,NA,NA
2016-11-26,6.631,NA,NA,NA,NA
2016-11-27,6.644,NA,NA,NA,NA
2016-11-28,6.653,NA,NA,NA,NA
2016-11-29,6.657,NA,NA,NA,NA
2016-11-30,6.661,NA,NA,NA,NA
2016-12-01,6.667,NA,NA,NA,NA
2016-12-02,6.669,NA,NA,NA,NA
2016-12-03,6.674,NA,NA,NA,NA
2016-12-04,6.68,NA,NA,NA,NA
2016-12-05,6.686,NA,NA,NA,NA
2016-12-06,6.69,NA,NA,NA,NA
2016-12-07,6.692,NA,NA,NA,NA
2016-12-08,6.698,NA,NA,NA,NA
2016-12-09,6.708,NA,NA,NA,NA
2016-12-10,6.725,NA,NA,NA,NA
2016-12-11,6.735,NA,NA,NA,NA
2016-12-12,6.742,NA,NA,NA,NA
2016-12-13,6.746,NA,NA,NA,NA
2016-12-14,6.758,NA,NA,NA,NA
2016-12-15,6.767,NA,NA,NA,NA
2016-12-16,6.798,NA,NA,NA,NA
2016-12-17,6.804,NA,NA,NA,NA
2016-12-18,6.811,NA,NA,NA,NA
2016-12-19,6.821,NA,NA,NA,NA
2016-12-20,6.828,NA,NA,NA,NA
2016-12-21,6.836,NA,NA,NA,NA
2016-12-22,6.844,NA,NA,NA,NA
2016-12-23,6.853,NA,NA,NA,NA
2016-12-24,6.863,NA,NA,NA,NA
2016-12-25,6.876,NA,NA,NA,NA
2016-12-26,6.882,NA,NA,NA,NA
2016-12-27,6.89,NA,NA,NA,NA
2016-12-28,6.897,NA,NA,NA,NA
2016-12-29,6.906,NA,NA,NA,NA
2016-12-30,6.912,NA,NA,NA,NA
2016-12-31,6.919,NA,NA,NA,NA
2017-01-01,6.927,NA,NA,NA,NA
2017-01-02,6.944,NA,NA,NA,NA
2017-01-03,6.955,NA,NA,NA,NA
2017-01-04,6.981,NA,NA,NA,NA
2017-01-05,6.991,NA,NA,NA,NA
2017-01-06,6.998,NA,NA,NA,NA
2017-01-07,7.008,NA,NA,NA,NA
2017-01-08,7.022,NA,NA,NA,NA
2017-01-09,7.06,NA,NA,NA,NA
2017-01-10,7.083,NA,NA,NA,NA
2017-01-11,7.108,NA,NA,NA,NA
2017-01-12,7.121,NA,NA,NA,NA
2017-01-13,7.13,NA,NA,NA,NA
2017-01-14,7.139,NA,NA,NA,NA
2017-01-15,7.148,NA,NA,NA,NA
2017-01-16,7.157,NA,NA,NA,NA
2017-01-17,7.166,NA,NA,NA,NA
2017-01-18,7.175,NA,NA,NA,NA
2017-01-19,7.186,NA,NA,NA,NA
2017-01-20,7.195,NA,NA,NA,NA
2017-01-21,7.21,NA,NA,NA,NA
2017-01-22,7.221,NA,NA,NA,NA
2017-01-23,7.25,NA,NA,NA,NA
2017-01-24,7.261,NA,NA,NA,NA
2017-01-25,7.277,NA,NA,NA,NA
2017-01-26,7.286,NA,NA,NA,NA
2017-01-27,7.295,NA,NA,NA,NA
2017-01-28,7.301,NA,NA,NA,NA
2017-01-29,7.312,NA,NA,NA,NA
2017-01-30,7.322,NA,NA,NA,NA
2017-01-31,7.329,NA,NA,NA,NA
2017-02-01,7.338,NA,NA,NA,NA
2017-02-02,7.347,NA,NA,NA,NA
2017-02-03,7.358,NA,NA,NA,NA
2017-02-04,7.369,NA,NA,NA,NA
2017-02-05,7.378,NA,NA,NA,NA
2017-02-06,7.389,NA,NA,NA,NA
2017-02-07,7.408,NA,NA,NA,NA
2017-02-08,7.417,NA,NA,NA,NA
2017-02-09,7.43,NA,NA,NA,NA
2017-02-10,7.469,NA,NA,NA,NA
2017-02-11,7.509,NA,NA,NA,NA
2017-02-12,7.532,NA,NA,NA,NA
2017-02-13,7.55,NA,NA,NA,NA
2017-02-14,7.569,NA,NA,NA,NA
2017-02-15,7.585,NA,NA,NA,NA
2017-02-16,7.604,NA,NA,NA,NA
2017-02-17,7.625,NA,NA,NA,NA
2017-02-18,7.641,NA,NA,NA,NA
2017-02-19,7.665,NA,NA,NA,NA
2017-02-20,7.681,NA,NA,NA,NA
2017-02-21,7.709,NA,NA,NA,NA
2017-02-22,7.736,NA,NA,NA,NA
2017-02-23,7.757,NA,NA,NA,NA
2017-02-24,7.773,NA,NA,NA,NA
2017-02-25,7.785,NA,NA,NA,NA
2017-02-26,7.8,NA,NA,NA,NA
2017-02-27,7.831,NA,NA,NA,NA
2017-02-28,7.847,NA,NA,NA,NA
2017-03-01,7.834,NA,NA,NA,NA
2017-03-02,7.788,NA,NA,NA,NA
2017-03-03,7.743,NA,NA,NA,NA
2017-03-04,7.693,NA,NA,NA,NA
2017-03-05,7.651,NA,NA,NA,NA
2017-03-06,7.604,NA,NA,NA,NA
2017-03-07,7.554,NA,NA,NA,NA
2017-03-08,7.506,NA,NA,NA,NA
2017-03-09,7.46,NA,NA,NA,NA
2017-03-10,7.415,NA,NA,NA,NA
2017-03-11,7.376,NA,NA,NA,NA
2017-03-12,7.342,NA,NA,NA,NA
2017-03-13,7.312,NA,NA,NA,NA
2017-03-14,7.292,NA,NA,NA,NA
2017-03-15,7.297,NA,NA,NA,NA
2017-03-16,7.31,NA,NA,NA,NA
2017-03-17,7.333,NA,NA,NA,NA
2017-03-18,7.387,NA,NA,NA,NA
2017-03-19,7.471,NA,NA,NA,NA
2017-03-20,7.576,NA,NA,NA,NA
2017-03-21,7.655,NA,NA,NA,NA
2017-03-22,7.724,NA,NA,NA,NA
2017-03-23,7.773,NA,NA,NA,NA
2017-03-24,7.783,NA,NA,NA,NA
2017-03-25,7.788,NA,NA,NA,NA
2017-03-26,7.768,NA,NA,NA,NA
2017-03-27,7.717,NA,NA,NA,NA
2017-03-28,7.618,NA,NA,NA,NA
2017-03-29,7.516,NA,NA,NA,NA
2017-03-30,7.44,NA,NA,NA,NA
2017-03-31,7.338,NA,NA,NA,NA
2017-04-01,7.235,NA,NA,NA,NA
2017-04-02,7.139,NA,NA,NA,NA
2017-04-03,7.035,NA,NA,NA,NA
2017-04-04,6.95,NA,NA,NA,NA
2017-04-05,6.886,NA,NA,NA,NA
2017-04-06,6.823,NA,NA,NA,NA
2017-04-07,6.779,NA,NA,NA,NA
2017-04-08,6.763,NA,NA,NA,NA
2017-04-09,6.725,NA,NA,NA,NA
2017-04-10,6.678,NA,NA,NA,NA
2017-04-11,6.628,NA,NA,NA,NA
2017-04-12,6.586,NA,NA,NA,NA
2017-04-13,6.593,NA,NA,NA,NA
2017-04-14,6.644,NA,NA,NA,NA
2017-04-15,6.692,NA,NA,NA,NA
2017-04-16,6.758,NA,NA,NA,NA
2017-04-17,6.853,NA,NA,NA,NA
2017-04-18,6.983,NA,NA,NA,NA
2017-04-19,7.076,NA,NA,NA,NA
2017-04-20,7.087,NA,NA,NA,NA
2017-04-21,7.058,NA,NA,NA,NA
2017-04-22,7.011,NA,NA,NA,NA
2017-04-23,6.97,NA,NA,NA,NA
2017-04-24,6.946,NA,NA,NA,NA
2017-04-25,6.897,NA,NA,NA,NA
2017-04-26,6.825,NA,NA,NA,NA
2017-04-27,6.756,NA,NA,NA,NA
2017-04-28,6.661,NA,NA,NA,NA
2017-04-29,6.543,NA,NA,NA,NA
2017-04-30,6.424,NA,NA,NA,NA
2017-05-01,6.322,NA,NA,NA,NA
2017-05-02,6.25,NA,NA,NA,NA
2017-05-03,6.179,NA,NA,NA,NA
2017-05-04,6.16,NA,NA,NA,NA
2017-05-05,6.271,NA,NA,NA,NA
2017-05-06,6.575,NA,NA,NA,NA
2017-05-07,7.135,NA,NA,NA,NA
2017-05-08,7.573,NA,NA,NA,NA
2017-05-09,7.899,NA,NA,NA,NA
2017-05-10,8.307,NA,NA,NA,NA
2017-05-11,8.822,NA,NA,NA,NA
2017-05-12,9.44,NA,NA,NA,NA
2017-05-13,10.125,NA,NA,NA,NA
2017-05-14,10.267,NA,NA,NA,NA
2017-05-15,10.224,NA,NA,NA,NA
2017-05-16,10.179,NA,NA,NA,NA
2017-05-17,10.123,NA,NA,NA,NA
2017-05-18,10.035,NA,NA,NA,NA
2017-05-19,9.912,NA,NA,NA,NA
2017-05-20,9.732,NA,NA,NA,NA
2017-05-21,9.535,NA,NA,NA,NA
2017-05-22,9.62,NA,NA,NA,NA
2017-05-23,10.102,NA,NA,NA,NA
2017-05-24,10.272,NA,NA,NA,NA
2017-05-25,10.267,NA,NA,NA,NA
2017-05-26,10.169,NA,NA,NA,NA
2017-05-27,10.171,NA,NA,NA,NA
2017-05-28,10.232,NA,NA,NA,NA
2017-05-29,10.28,NA,NA,NA,NA
2017-05-30,10.331,NA,NA,NA,NA
2017-05-31,10.307,NA,NA,NA,NA
2017-06-01,10.343,NA,NA,NA,NA
2017-06-02,10.387,NA,NA,NA,NA
2017-06-03,10.377,NA,NA,NA,NA
2017-06-04,10.385,NA,NA,NA,NA
2017-06-05,10.412,NA,NA,NA,NA
2017-06-06,10.409,NA,NA,NA,NA
2017-06-07,10.419,NA,NA,NA,NA
2017-06-08,10.345,NA,NA,NA,NA
2017-06-09,10.348,NA,NA,NA,NA
2017-06-10,10.341,NA,NA,NA,NA
2017-06-11,10.267,NA,NA,NA,NA
2017-06-12,10.179,NA,NA,NA,NA
2017-06-13,10.081,NA,NA,NA,NA
2017-06-14,10.174,NA,NA,NA,NA
2017-06-15,10.265,NA,NA,NA,NA
2017-06-16,10.336,NA,NA,NA,NA
2017-06-17,10.334,NA,NA,NA,NA
2017-06-18,10.336,NA,NA,NA,NA
2017-06-19,10.314,NA,NA,NA,NA
2017-06-20,10.307,NA,NA,NA,NA
2017-06-21,10.317,NA,NA,NA,NA
2017-06-22,10.287,NA,NA,NA,NA
2017-06-23,10.25,NA,NA,NA,NA
2017-06-24,10.275,NA,NA,NA,NA
2017-06-25,10.272,NA,NA,NA,NA
2017-06-26,10.265,NA,NA,NA,NA
2017-06-27,10.253,NA,NA,NA,NA
2017-06-28,10.241,NA,NA,NA,NA
2017-06-29,10.229,NA,NA,NA,NA
2017-06-30,10.219,NA,NA,NA,NA
2017-07-01,10.212,NA,NA,NA,NA
2017-07-02,10.205,NA,NA,NA,NA
2017-07-03,10.198,NA,NA,NA,NA
2017-07-04,10.193,NA,NA,NA,NA
2017-07-05,10.188,NA,NA,NA,NA
2017-07-06,10.183,NA,NA,NA,NA
2017-07-07,10.179,NA,NA,NA,NA
2017-07-08,10.176,NA,NA,NA,NA
2017-07-09,10.171,NA,NA,NA,NA
2017-07-10,10.171,NA,NA,NA,NA
2017-07-11,10.166,NA,NA,NA,NA
2017-07-12,10.161,NA,NA,NA,NA
2017-07-13,10.159,NA,NA,NA,NA
2017-07-14,10.159,NA,NA,NA,NA
2017-07-15,10.154,NA,NA,NA,NA
2017-07-16,10.149,NA,NA,NA,NA
2017-07-17,10.147,NA,NA,NA,NA
2017-07-18,10.145,NA,NA,NA,NA
2017-07-19,10.142,NA,NA,NA,NA
2017-07-20,10.102,NA,NA,NA,NA
2017-07-21,10.027,NA,NA,NA,NA
2017-07-22,9.953,NA,NA,NA,NA
2017-07-23,9.876,NA,NA,NA,NA
2017-07-24,9.804,NA,NA,NA,NA
2017-07-25,9.737,NA,NA,NA,NA
2017-07-26,9.674,NA,NA,NA,NA
2017-07-27,9.615,NA,NA,NA,NA
2017-07-28,9.566,NA,NA,NA,NA
2017-07-29,9.513,NA,NA,NA,NA
2017-07-30,9.457,NA,NA,NA,NA
2017-07-31,9.407,NA,NA,NA,NA
2017-08-01,9.351,NA,NA,NA,NA
2017-08-02,9.289,NA,NA,NA,NA
2017-08-03,9.213,NA,NA,NA,NA
2017-08-04,9.136,NA,NA,NA,NA
2017-08-05,9.056,NA,NA,NA,NA
2017-08-06,8.976,NA,NA,NA,NA
2017-08-07,8.901,NA,NA,NA,NA
2017-08-08,8.827,NA,NA,NA,NA
2017-08-09,8.754,NA,NA,NA,NA
2017-08-10,8.676,NA,NA,NA,NA
2017-08-11,8.594,NA,NA,NA,NA
2017-08-12,8.513,NA,NA,NA,NA
2017-08-13,8.434,NA,NA,NA,NA
2017-08-14,8.357,NA,NA,NA,NA
2017-08-15,8.279,NA,NA,NA,NA
2017-08-16,8.198,NA,NA,NA,NA
2017-08-17,8.118,NA,NA,NA,NA
2017-08-18,8.039,NA,NA,NA,NA
2017-08-19,7.959,NA,NA,NA,NA
2017-08-20,7.879,NA,NA,NA,NA
2017-08-21,7.8,NA,NA,NA,NA
2017-08-22,7.729,NA,NA,NA,NA
2017-08-23,7.646,NA,NA,NA,NA
2017-08-24,7.561,NA,NA,NA,NA
2017-08-25,7.478,NA,NA,NA,NA
2017-08-26,7.396,NA,NA,NA,NA
2017-08-27,7.312,NA,NA,NA,NA
2017-08-28,7.23,NA,NA,NA,NA
2017-08-29,7.148,NA,NA,NA,NA
2017-08-30,7.069,NA,NA,NA,NA
2017-08-31,6.998,NA,NA,NA,NA
2017-09-01,6.921,NA,NA,NA,NA
2017-09-02,6.844,NA,NA,NA,NA
2017-09-03,6.765,NA,NA,NA,NA
2017-09-04,6.688,NA,NA,NA,NA
2017-09-05,6.608,NA,NA,NA,NA
2017-09-06,6.521,NA,NA,NA,NA
2017-09-07,6.44,NA,NA,NA,NA
2017-09-08,6.357,NA,NA,NA,NA
2017-09-09,6.275,NA,NA,NA,NA
2017-09-10,6.196,NA,NA,NA,NA
2017-09-11,6.118,NA,NA,NA,NA
2017-09-12,6.048,NA,NA,NA,NA
2017-09-13,5.982,NA,NA,NA,NA
2017-09-14,5.917,NA,NA,NA,NA
2017-09-15,5.899,NA,NA,NA,NA
2017-09-16,5.865,NA,NA,NA,NA
2017-09-17,5.823,NA,NA,NA,NA
2017-09-18,5.799,NA,NA,NA,NA
2017-09-19,5.809,NA,NA,NA,NA
2017-09-20,5.811,NA,NA,NA,NA
2017-09-21,5.811,NA,NA,NA,NA
2017-09-22,5.835,NA,NA,NA,NA
2017-09-23,5.857,NA,NA,NA,NA
2017-09-24,5.891,NA,NA,NA,NA
2017-09-25,5.917,NA,NA,NA,NA
2017-09-26,5.944,NA,NA,NA,NA
2017-09-27,5.976,NA,NA,NA,NA
2017-09-28,6.011,NA,NA,NA,NA
2017-09-29,6.05,NA,NA,NA,NA
2017-09-30,6.091,NA,NA,NA,NA
2017-10-01,6.134,NA,NA,NA,NA
2017-10-02,6.167,NA,NA,NA,NA
2017-10-03,6.185,NA,NA,NA,NA
2017-10-04,6.19,NA,NA,NA,NA
2017-10-05,6.158,NA,NA,NA,NA
2017-10-06,6.11,NA,NA,NA,NA
2017-10-07,6.067,NA,NA,NA,NA
2017-10-08,6.015,NA,NA,NA,NA
2017-10-09,5.966,NA,NA,NA,NA
2017-10-10,5.917,NA,NA,NA,NA
2017-10-11,5.867,NA,NA,NA,NA
2017-10-12,5.813,NA,NA,NA,NA
2017-10-13,5.783,NA,NA,NA,NA
2017-10-14,5.783,NA,NA,NA,NA
2017-10-15,5.781,NA,NA,NA,NA
2017-10-16,5.779,NA,NA,NA,NA
2017-10-17,5.779,NA,NA,NA,NA
2017-10-18,5.775,NA,NA,NA,NA
2017-10-19,5.773,NA,NA,NA,NA
2017-10-20,5.779,NA,NA,NA,NA
2017-10-21,5.787,NA,NA,NA,NA
2017-10-22,5.797,NA,NA,NA,NA
2017-10-23,5.803,NA,NA,NA,NA
2017-10-24,5.809,NA,NA,NA,NA
2017-10-25,5.817,NA,NA,NA,NA
2017-10-26,5.821,NA,NA,NA,NA
2017-10-27,5.827,NA,NA,NA,NA
2017-10-28,5.831,NA,NA,NA,NA
2017-10-29,5.837,NA,NA,NA,NA
2017-10-30,5.839,NA,NA,NA,NA
2017-10-31,5.841,NA,NA,NA,NA
2017-11-01,5.843,NA,NA,NA,NA
2017-11-02,5.841,NA,NA,NA,NA
2017-11-03,5.843,NA,NA,NA,NA
2017-11-04,5.847,NA,NA,NA,NA
2017-11-05,5.853,NA,NA,NA,NA
2017-11-06,5.862,NA,NA,NA,NA
2017-11-07,5.857,NA,NA,NA,NA
2017-11-08,5.855,NA,NA,NA,NA
2017-11-09,5.859,NA,NA,NA,NA
2017-11-10,5.862,NA,NA,NA,NA
2017-11-11,5.862,NA,NA,NA,NA
2017-11-12,5.859,NA,NA,NA,NA
2017-11-13,5.855,NA,NA,NA,NA
2017-11-14,5.855,NA,NA,NA,NA
2017-11-15,5.855,NA,NA,NA,NA
2017-11-16,5.855,NA,NA,NA,NA
2017-11-17,5.883,NA,NA,NA,NA
2017-11-18,5.887,NA,NA,NA,NA
2017-11-19,5.887,NA,NA,NA,NA
2017-11-20,5.883,NA,NA,NA,NA
2017-11-21,5.893,NA,NA,NA,NA
2017-11-22,5.893,NA,NA,NA,NA
2017-11-23,5.893,NA,NA,NA,NA
2017-11-24,5.893,NA,NA,NA,NA
2017-11-25,5.895,NA,NA,NA,NA
2017-11-26,5.897,NA,NA,NA,NA
2017-11-27,5.895,NA,NA,NA,NA
2017-11-28,5.891,NA,NA,NA,NA
2017-11-29,5.889,NA,NA,NA,NA
2017-11-30,5.883,NA,NA,NA,NA
2017-12-01,5.881,NA,NA,NA,NA
2017-12-02,5.881,NA,NA,NA,NA
2017-12-03,5.883,NA,NA,NA,NA
2017-12-04,5.875,NA,NA,NA,NA
2017-12-05,5.873,NA,NA,NA,NA
2017-12-06,5.871,NA,NA,NA,NA
2017-12-07,5.863,NA,NA,NA,NA
2017-12-08,5.859,NA,NA,NA,NA
2017-12-09,5.853,NA,NA,NA,NA
2017-12-10,5.847,NA,NA,NA,NA
2017-12-11,5.841,NA,NA,NA,NA
2017-12-12,5.837,NA,NA,NA,NA
2017-12-13,5.835,NA,NA,NA,NA
2017-12-14,5.831,NA,NA,NA,NA
2017-12-15,5.831,NA,NA,NA,NA
2017-12-16,5.829,NA,NA,NA,NA
2017-12-17,5.829,NA,NA,NA,NA
2017-12-18,5.823,NA,NA,NA,NA
2017-12-19,5.825,NA,NA,NA,NA
2017-12-20,5.829,NA,NA,NA,NA
2017-12-21,5.827,NA,NA,NA,NA
2017-12-22,5.827,NA,NA,NA,NA
2017-12-23,5.837,NA,NA,NA,NA
2017-12-24,5.839,NA,NA,NA,NA
2017-12-25,5.843,NA,NA,NA,NA
2017-12-26,5.845,NA,NA,NA,NA
2017-12-27,5.845,NA,NA,NA,NA
2017-12-28,5.847,NA,NA,NA,NA
2017-12-29,5.845,NA,NA,NA,NA
2017-12-30,5.847,NA,NA,NA,NA
2017-12-31,5.843,NA,NA,NA,NA
2018-01-01,5.847,NA,NA,NA,NA
2018-01-02,5.845,NA,NA,NA,NA
2018-01-03,5.843,NA,NA,NA,NA
2018-01-04,5.843,NA,NA,NA,NA
2018-01-05,5.839,NA,NA,NA,NA
2018-01-06,5.841,NA,NA,NA,NA
2018-01-07,5.841,NA,NA,NA,NA
2018-01-08,5.841,NA,NA,NA,NA
2018-01-09,5.847,NA,NA,NA,NA
2018-01-10,5.857,NA,NA,NA,NA
2018-01-11,5.857,NA,NA,NA,NA
2018-01-12,5.859,NA,NA,NA,NA
2018-01-13,5.857,NA,NA,NA,NA
2018-01-14,5.855,NA,NA,NA,NA
2018-01-15,5.857,NA,NA,NA,NA
2018-01-16,5.855,NA,NA,NA,NA
2018-01-17,5.855,NA,NA,NA,NA
2018-01-18,5.855,NA,NA,NA,NA
2018-01-19,5.855,NA,NA,NA,NA
2018-01-20,5.865,NA,NA,NA,NA
2018-01-21,5.862,NA,NA,NA,NA
2018-01-22,5.859,NA,NA,NA,NA
2018-01-23,5.859,NA,NA,NA,NA
2018-01-24,5.863,NA,NA,NA,NA
2018-01-25,5.865,NA,NA,NA,NA
2018-01-26,5.863,NA,NA,NA,NA
2018-01-27,5.863,NA,NA,NA,NA
2018-01-28,5.859,NA,NA,NA,NA
2018-01-29,5.862,NA,NA,NA,NA
2018-01-30,5.863,NA,NA,NA,NA
2018-01-31,5.862,NA,NA,NA,NA
2018-02-01,5.859,NA,NA,NA,NA
2018-02-02,5.857,NA,NA,NA,NA
2018-02-03,5.862,NA,NA,NA,NA
2018-02-04,5.859,NA,NA,NA,NA
2018-02-05,5.859,NA,NA,NA,NA
2018-02-06,5.857,NA,NA,NA,NA
2018-02-07,5.857,NA,NA,NA,NA
2018-02-08,5.859,NA,NA,NA,NA
2018-02-09,5.862,NA,NA,NA,NA
2018-02-10,5.859,NA,NA,NA,NA
2018-02-11,5.859,NA,NA,NA,NA
2018-02-12,5.855,NA,NA,NA,NA
2018-02-13,5.853,NA,NA,NA,NA
2018-02-14,5.862,NA,NA,NA,NA
2018-02-15,5.859,NA,NA,NA,NA
2018-02-16,5.857,NA,NA,NA,NA
2018-02-17,5.855,NA,NA,NA,NA
2018-02-18,5.863,NA,NA,NA,NA
2018-02-19,5.863,NA,NA,NA,NA
2018-02-20,5.859,NA,NA,NA,NA
2018-02-21,5.855,NA,NA,NA,NA
2018-02-22,5.851,NA,NA,NA,NA
2018-02-23,5.849,NA,NA,NA,NA
2018-02-24,5.847,NA,NA,NA,NA
2018-02-25,5.847,NA,NA,NA,NA
2018-02-26,5.847,NA,NA,NA,NA
2018-02-27,5.843,NA,NA,NA,NA
2018-02-28,5.843,NA,NA,NA,NA
2018-03-01,5.843,NA,NA,NA,NA
2018-03-02,5.843,NA,NA,NA,NA
2018-03-03,5.841,NA,NA,NA,NA
2018-03-04,5.847,NA,NA,NA,NA
2018-03-05,5.843,NA,NA,NA,NA
2018-03-06,5.847,NA,NA,NA,NA
2018-03-07,5.845,NA,NA,NA,NA
2018-03-08,5.843,NA,NA,NA,NA
2018-03-09,5.841,NA,NA,NA,NA
2018-03-10,5.841,NA,NA,NA,NA
2018-03-11,5.839,NA,NA,NA,NA
2018-03-12,5.839,NA,NA,NA,NA
2018-03-13,5.845,NA,NA,NA,NA
2018-03-14,5.862,NA,NA,NA,NA
2018-03-15,5.873,NA,NA,NA,NA
2018-03-16,5.883,NA,NA,NA,NA
2018-03-17,5.895,NA,NA,NA,NA
2018-03-18,5.899,NA,NA,NA,NA
2018-03-19,5.903,NA,NA,NA,NA
2018-03-20,5.907,NA,NA,NA,NA
2018-03-21,5.915,NA,NA,NA,NA
2018-03-22,5.948,NA,NA,NA,NA
2018-03-23,5.992,NA,NA,NA,NA
2018-03-24,6.019,NA,NA,NA,NA
2018-03-25,6.04,NA,NA,NA,NA
2018-03-26,6.057,NA,NA,NA,NA
2018-03-27,6.063,NA,NA,NA,NA
2018-03-28,6.073,NA,NA,NA,NA
2018-03-29,6.081,NA,NA,NA,NA
2018-03-30,6.089,NA,NA,NA,NA
2018-03-31,6.097,NA,NA,NA,NA
2018-04-01,6.12,NA,NA,NA,NA
2018-04-02,6.15,NA,NA,NA,NA
2018-04-03,6.173,NA,NA,NA,NA
2018-04-04,6.196,NA,NA,NA,NA
2018-04-05,6.215,NA,NA,NA,NA
2018-04-06,6.25,NA,NA,NA,NA
2018-04-07,6.311,NA,NA,NA,NA
2018-04-08,6.398,NA,NA,NA,NA
2018-04-09,6.46,NA,NA,NA,NA
2018-04-10,6.514,NA,NA,NA,NA
2018-04-11,6.586,NA,NA,NA,NA
2018-04-12,6.684,NA,NA,NA,NA
2018-04-13,6.75,NA,NA,NA,NA
2018-04-14,6.809,NA,NA,NA,NA
2018-04-15,6.861,NA,NA,NA,NA
2018-04-16,6.895,NA,NA,NA,NA
2018-04-17,6.919,NA,NA,NA,NA
2018-04-18,6.932,NA,NA,NA,NA
2018-04-19,6.936,NA,NA,NA,NA
2018-04-20,6.946,NA,NA,NA,NA
2018-04-21,6.957,NA,NA,NA,NA
2018-04-22,7.019,NA,NA,NA,NA
2018-04-23,7.113,NA,NA,NA,NA
2018-04-24,7.212,NA,NA,NA,NA
2018-04-25,7.351,NA,NA,NA,NA
2018-04-26,7.559,NA,NA,NA,NA
2018-04-27,7.87,NA,NA,NA,NA
2018-04-28,8.248,NA,NA,NA,NA
2018-04-29,8.589,NA,NA,NA,NA
2018-04-30,8.844,NA,NA,NA,NA
2018-05-01,8.879,NA,NA,NA,NA
2018-05-02,8.79,NA,NA,NA,NA
2018-05-03,8.676,NA,NA,NA,NA
2018-05-04,8.563,NA,NA,NA,NA
2018-05-05,8.499,NA,NA,NA,NA
2018-05-06,8.578,NA,NA,NA,NA
2018-05-07,8.819,NA,NA,NA,NA
2018-05-08,9.147,NA,NA,NA,NA
2018-05-09,9.552,NA,NA,NA,NA
2018-05-10,9.94,NA,NA,NA,NA
2018-05-11,10.224,NA,NA,NA,NA
2018-05-12,10.224,NA,NA,NA,NA
2018-05-13,10.176,NA,NA,NA,NA
2018-05-14,10.022,NA,NA,NA,NA
2018-05-15,9.849,NA,NA,NA,NA
2018-05-16,9.762,NA,NA,NA,NA
2018-05-17,9.779,NA,NA,NA,NA
2018-05-18,9.757,NA,NA,NA,NA
2018-05-19,9.725,NA,NA,NA,NA
2018-05-20,9.706,NA,NA,NA,NA
2018-05-21,9.682,NA,NA,NA,NA
2018-05-22,9.65,NA,NA,NA,NA
2018-05-23,9.622,NA,NA,NA,NA
2018-05-24,9.672,NA,NA,NA,NA
2018-05-25,9.812,NA,NA,NA,NA
2018-05-26,9.895,NA,NA,NA,NA
2018-05-27,9.872,NA,NA,NA,NA
2018-05-28,9.777,NA,NA,NA,NA
2018-05-29,9.622,NA,NA,NA,NA
2018-05-30,9.485,NA,NA,NA,NA
2018-05-31,9.447,NA,NA,NA,NA
2018-06-01,9.435,NA,NA,NA,NA
2018-06-02,9.392,NA,NA,NA,NA
2018-06-03,9.341,NA,NA,NA,NA
2018-06-04,9.317,NA,NA,NA,NA
2018-06-05,9.336,NA,NA,NA,NA
2018-06-06,9.358,NA,NA,NA,NA
2018-06-07,9.353,NA,NA,NA,NA
2018-06-08,9.32,NA,NA,NA,NA
2018-06-09,9.258,NA,NA,NA,NA
2018-06-10,9.188,NA,NA,NA,NA
2018-06-11,9.191,NA,NA,NA,NA
2018-06-12,9.246,NA,NA,NA,NA
2018-06-13,9.265,NA,NA,NA,NA
2018-06-14,9.26,NA,NA,NA,NA
2018-06-15,9.239,NA,NA,NA,NA
2018-06-16,9.213,NA,NA,NA,NA
2018-06-17,9.194,NA,NA,NA,NA
2018-06-18,9.183,NA,NA,NA,NA
2018-06-19,9.147,NA,NA,NA,NA
2018-06-20,9.112,NA,NA,NA,NA
2018-06-21,9.072,NA,NA,NA,NA
2018-06-22,9.036,NA,NA,NA,NA
2018-06-23,8.989,NA,NA,NA,NA
2018-06-24,8.941,NA,NA,NA,NA
2018-06-25,8.917,NA,NA,NA,NA
2018-06-26,8.917,NA,NA,NA,NA
2018-06-27,8.871,NA,NA,NA,NA
2018-06-28,8.8,NA,NA,NA,NA
2018-06-29,8.717,NA,NA,NA,NA
2018-06-30,8.618,NA,NA,NA,NA
2018-07-01,8.525,NA,NA,NA,NA
2018-07-02,8.42,NA,NA,NA,NA
2018-07-03,8.327,NA,NA,NA,NA
2018-07-04,8.228,NA,NA,NA,NA
2018-07-05,8.13,NA,NA,NA,NA
2018-07-06,8.032,NA,NA,NA,NA
2018-07-07,7.937,NA,NA,NA,NA
2018-07-08,7.84,NA,NA,NA,NA
2018-07-09,7.779,NA,NA,NA,NA
2018-07-10,7.688,NA,NA,NA,NA
2018-07-11,7.59,NA,NA,NA,NA
2018-07-12,7.499,NA,NA,NA,NA
2018-07-13,7.412,NA,NA,NA,NA
2018-07-14,7.331,NA,NA,NA,NA
2018-07-15,7.241,NA,NA,NA,NA
2018-07-16,7.15,NA,NA,NA,NA
2018-07-17,7.065,NA,NA,NA,NA
2018-07-18,6.972,NA,NA,NA,NA
2018-07-19,6.874,NA,NA,NA,NA
2018-07-20,6.794,NA,NA,NA,NA
2018-07-21,6.727,NA,NA,NA,NA
2018-07-22,6.653,NA,NA,NA,NA
2018-07-23,6.58,NA,NA,NA,NA
2018-07-24,6.498,NA,NA,NA,NA
2018-07-25,6.422,NA,NA,NA,NA
2018-07-26,6.339,NA,NA,NA,NA
2018-07-27,6.254,NA,NA,NA,NA
2018-07-28,6.169,NA,NA,NA,NA
2018-07-29,6.085,NA,NA,NA,NA
2018-07-30,6.002,NA,NA,NA,NA
2018-07-31,5.921,NA,NA,NA,NA
2018-08-01,5.845,NA,NA,NA,NA
2018-08-02,5.781,NA,NA,NA,NA
2018-08-03,5.722,NA,NA,NA,NA
2018-08-04,5.66,NA,NA,NA,NA
2018-08-05,5.598,NA,NA,NA,NA
2018-08-06,5.527,NA,NA,NA,NA
2018-08-07,5.458,NA,NA,NA,NA
2018-08-08,5.389,NA,NA,NA,NA
2018-08-09,5.32,NA,NA,NA,NA
2018-08-10,5.251,NA,NA,NA,NA
2018-08-11,5.187,NA,NA,NA,NA
2018-08-12,5.12,NA,NA,NA,NA
2018-08-13,5.056,NA,NA,NA,NA
2018-08-14,4.992,NA,NA,NA,NA
2018-08-15,4.927,NA,NA,NA,NA
2018-08-16,4.863,NA,NA,NA,NA
2018-08-17,4.804,NA,NA,NA,NA
2018-08-18,4.748,NA,NA,NA,NA
2018-08-19,4.684,NA,NA,NA,NA
2018-08-20,4.624,NA,NA,NA,NA
2018-08-21,4.564,NA,NA,NA,NA
2018-08-22,4.516,NA,NA,NA,NA
2018-08-23,4.473,NA,NA,NA,NA
2018-08-24,4.425,NA,NA,NA,NA
2018-08-25,4.373,NA,NA,NA,NA
2018-08-26,4.316,NA,NA,NA,NA
2018-08-27,4.268,NA,NA,NA,NA
2018-08-28,4.217,NA,NA,NA,NA
2018-08-29,4.165,NA,NA,NA,NA
2018-08-30,4.114,NA,NA,NA,NA
2018-08-31,4.065,NA,NA,NA,NA
2018-09-01,4.017,NA,NA,NA,NA
2018-09-02,3.965,NA,NA,NA,NA
2018-09-03,3.919,NA,NA,NA,NA
2018-09-04,3.867,NA,NA,NA,NA
2018-09-05,3.816,NA,NA,NA,NA
2018-09-06,3.769,NA,NA,NA,NA
2018-09-07,3.726,NA,NA,NA,NA
2018-09-08,3.674,NA,NA,NA,NA
2018-09-09,3.62,NA,NA,NA,NA
2018-09-10,3.566,NA,NA,NA,NA
2018-09-11,3.515,NA,NA,NA,NA
2018-09-12,3.469,NA,NA,NA,NA
2018-09-13,3.428,NA,NA,NA,NA
2018-09-14,3.392,NA,NA,NA,NA
2018-09-15,3.354,NA,NA,NA,NA
2018-09-16,3.321,NA,NA,NA,NA
2018-09-17,3.285,NA,NA,NA,NA
2018-09-18,3.247,NA,NA,NA,NA
2018-09-19,3.209,NA,NA,NA,NA
2018-09-20,3.165,NA,NA,NA,NA
2018-09-21,3.127,NA,NA,NA,NA
2018-09-22,3.098,NA,NA,NA,NA
2018-09-23,3.061,NA,NA,NA,NA
2018-09-24,3.029,NA,NA,NA,NA
2018-09-25,3.001,NA,NA,NA,NA
2018-09-26,2.976,NA,NA,NA,NA
2018-09-27,2.954,NA,NA,NA,NA
2018-09-28,2.932,NA,NA,NA,NA
2018-09-29,2.911,NA,NA,NA,NA
2018-09-30,2.892,NA,NA,NA,NA
2018-10-01,2.88,NA,NA,NA,NA
2018-10-02,2.875,NA,NA,NA,NA
2018-10-03,2.866,NA,NA,NA,NA
2018-10-04,2.882,NA,NA,NA,NA
2018-10-05,2.916,NA,NA,NA,NA
2018-10-06,2.92,NA,NA,NA,NA
2018-10-07,2.917,NA,NA,NA,NA
2018-10-08,2.914,NA,NA,NA,NA
2018-10-09,2.916,NA,NA,NA,NA
2018-10-10,2.92,NA,NA,NA,NA
2018-10-11,2.925,NA,NA,NA,NA
2018-10-12,2.929,NA,NA,NA,NA
2018-10-13,2.933,NA,NA,NA,NA
2018-10-14,2.935,NA,NA,NA,NA
2018-10-15,2.935,NA,NA,NA,NA
2018-10-16,2.936,NA,NA,NA,NA
2018-10-17,2.936,NA,NA,NA,NA
2018-10-18,2.935,NA,NA,NA,NA
2018-10-19,2.938,NA,NA,NA,NA
2018-10-20,2.943,NA,NA,NA,NA
2018-10-21,2.946,NA,NA,NA,NA
2018-10-22,2.954,NA,NA,NA,NA
2018-10-23,2.966,NA,NA,NA,NA
2018-10-24,2.972,NA,NA,NA,NA
2018-10-25,2.981,NA,NA,NA,NA
2018-10-26,2.988,NA,NA,NA,NA
2018-10-27,2.996,NA,NA,NA,NA
2018-10-28,3.004,NA,NA,NA,NA
2018-10-29,3.007,NA,NA,NA,NA
2018-10-30,3.007,NA,NA,NA,NA
2018-10-31,3.007,NA,NA,NA,NA
2018-11-01,3.007,NA,NA,NA,NA
2018-11-02,3.011,NA,NA,NA,NA
2018-11-03,3.011,NA,NA,NA,NA
2018-11-04,3.01,NA,NA,NA,NA
2018-11-05,3.007,NA,NA,NA,NA
2018-11-06,3.003,NA,NA,NA,NA
2018-11-07,2.998,NA,NA,NA,NA
2018-11-08,2.987,NA,NA,NA,NA
2018-11-09,2.979,NA,NA,NA,NA
2018-11-10,2.975,NA,NA,NA,NA
2018-11-11,2.967,NA,NA,NA,NA
2018-11-12,2.961,NA,NA,NA,NA
2018-11-13,2.955,NA,NA,NA,NA
2018-11-14,2.951,NA,NA,NA,NA
2018-11-15,2.946,NA,NA,NA,NA
2018-11-16,NA,NA,NA,NA,NA
2018-11-17,NA,NA,NA,NA,NA
2018-11-18,NA,NA,NA,NA,NA
2018-11-19,NA,NA,NA,NA,NA
2018-11-20,NA,NA,NA,NA,NA
2018-11-21,NA,NA,NA,NA,NA
2018-11-22,NA,NA,NA,NA,NA
2018-11-23,NA,NA,NA,NA,NA
2018-11-24,NA,NA,NA,NA,NA
2018-11-25,NA,NA,NA,NA,NA
2018-11-26,NA,NA,NA,NA,NA
2018-11-27,NA,NA,NA,NA,NA
2018-11-28,NA,NA,NA,NA,NA
2018-11-29,NA,NA,NA,NA,NA
2018-11-30,NA,NA,NA,NA,NA
2018-12-01,NA,NA,NA,NA,NA
2018-12-02,NA,NA,NA,NA,NA
2018-12-03,NA,NA,NA,NA,NA
2018-12-04,NA,NA,NA,NA,NA
2018-12-05,NA,NA,NA,NA,NA
2018-12-06,NA,NA,NA,NA,NA
2018-12-07,NA,NA,NA,NA,NA
2018-12-08,NA,NA,NA,NA,NA
2018-12-09,NA,NA,NA,NA,NA
2018-12-10,NA,NA,NA,NA,NA
2018-12-11,NA,NA,NA,NA,NA
2018-12-12,NA,NA,NA,NA,NA
2018-12-13,NA,NA,NA,NA,NA
2018-12-14,NA,NA,NA,NA,NA
2018-12-15,NA,NA,NA,NA,NA
2018-12-16,NA,NA,NA,NA,NA
2018-12-17,NA,NA,NA,NA,NA
2018-12-18,NA,NA,NA,NA,NA
2018-12-19,NA,NA,NA,NA,NA
2018-12-20,NA,NA,NA,NA,NA
2018-12-21,NA,NA,NA,NA,NA
2018-12-22,NA,NA,NA,NA,NA
2018-12-23,NA,NA,NA,NA,NA
2018-12-24,NA,NA,NA,NA,NA
2018-12-25,NA,NA,NA,NA,NA
2018-12-26,NA,NA,NA,NA,NA
2018-12-27,NA,NA,NA,NA,NA
2018-12-28,NA,NA,NA,NA,NA
2018-12-29,NA,NA,NA,NA,NA
2018-12-30,NA,NA,NA,NA,NA
2018-12-31,NA,NA,NA,NA,NA
